t_s,estimator,maneuver,horizon_s,detect_hz,latency_s,jitter,meas_corr,predict_on,true_range_m,est_range_m,range_err_m,range_sigma_m,est_size_w_m,est_size_h_m,size_err_m,true_speed_mps,est_speed_mps,held_err_px,est_err_px,track_err_px,origin_hdg,origin_att,delayed_hdg,delayed_att,jittered_hdg,jittered_att,est_hdg,est_att,pred_hdg,pred_att,err_delayed_hdg,err_delayed_att,err_jittered_hdg,err_jittered_att,err_est_hdg,err_est_att,detect_count,detect_age_s,tracker_updates,tracker_rejects,imm_p0,imm_p1,imm_p2,chaser_vx,chaser_vy,chaser_vz,target_vx,target_vy,target_vz,timing_on,period_s,pkt_latency_s,meas_stamp_s,stamp_err_s,zoom,fov_deg,fx
2.3600,UKF,smooth,0.500,10.00,0.050,1,0.600,1,5.9758,7.8995,1.9237,2.1726,0.3814,0.1304,0.0609,6.0000,6.3771,13.9103,5.1511,66.1283,54.9870,-29.0982,52.1471,-24.7063,52.5610,-24.7287,55.7542,-28.5855,87.5042,-51.4072,-2.8399,4.3919,-2.4260,4.3695,0.7672,0.5127,22,0.1000,22,0,1.0000,0.0000,0.0000,8.9239,10.5905,1.2643,4.4274,4.0495,0.0000,1,0.1074,0.0469,2.2583,-0.0017,1.000,70.00,342.76
2.3700,UKF,smooth,0.500,10.00,0.050,1,0.600,1,5.9194,7.8735,1.9541,2.1905,0.3814,0.1304,0.0597,6.0000,6.3771,15.1523,5.7430,67.2576,55.2909,-29.5444,52.1471,-24.7063,52.5610,-24.7287,56.0700,-28.8923,87.1484,-50.9979,-3.1438,4.8381,-2.7300,4.8157,0.7791,0.6521,22,0.1100,22,0,1.0000,0.0000,0.0000,8.7395,10.4217,1.2653,4.4159,4.0620,0.0000,1,0.0812,0.0468,2.2583,-0.0017,1.000,70.00,342.76
2.3800,UKF,smooth,0.500,10.00,0.050,1,0.600,1,5.8657,7.8520,1.9863,2.2097,0.3814,0.1304,0.0585,6.0000,6.3771,16.3608,6.4492,68.3617,55.5976,-29.9863,52.1471,-24.7063,52.5610,-24.7287,56.3838,-29.1800,86.7656,-50.5555,-3.4505,5.2800,-3.0366,5.2576,0.7862,0.8063,22,0.1200,22,0,1.0000,0.0000,0.0000,8.5548,10.2532,1.2624,4.4043,4.0746,0.0000,1,0.0812,0.0468,2.2583,-0.0017,1.000,70.00,342.76
2.3900,UKF,smooth,0.500,10.00,0.050,1,0.600,1,5.8145,7.8349,2.0204,2.2301,0.3814,0.1304,0.0574,6.0000,6.3771,17.5329,7.2711,69.4376,55.9067,-30.4228,52.1471,-24.7063,52.5610,-24.7287,56.6948,-29.4475,86.3580,-50.0827,-3.7596,5.7165,-3.3457,5.6941,0.7881,0.9753,22,0.1300,22,0,1.0000,0.0000,0.0000,8.3700,10.0850,1.2562,4.3927,4.0871,0.0000,1,0.0812,0.0468,2.2583,-0.0017,1.000,70.00,342.76
2.4000,UKF,smooth,0.500,10.00,0.050,1,0.600,1,5.7658,7.8222,2.0564,2.2518,0.3814,0.1304,0.0563,6.0000,6.3771,18.6660,8.2076,70.4825,56.2179,-30.8531,52.1471,-24.7063,52.5610,-24.7287,57.0024,-29.6942,85.9285,-49.5817,-4.0708,6.1468,-3.6569,6.1244,0.7845,1.1588,22,0.1400,22,0,1.0000,0.0000,0.0000,8.1850,9.9170,1.2471,4.3810,4.0997,0.0000,1,0.0812,0.0468,2.2583,-0.0017,1.000,70.00,342.76
2.4100,UKF,smooth,0.500,10.00,0.050,1,0.600,1,5.7196,7.8138,2.0942,2.2747,0.3814,0.1304,0.0552,6.0000,6.3771,19.7582,9.2559,71.4938,56.5308,-31.2762,52.1471,-24.7063,52.5610,-24.7287,57.3059,-29.9195,85.4799,-49.0543,-4.3837,6.5699,-3.9698,6.5475,0.7751,1.3567,22,0.1500,22,0,1.0000,0.0000,0.0000,7.9999,9.7494,1.2356,4.3692,4.1122,0.0000,1,0.0812,0.0468,2.2583,-0.0017,1.000,70.00,342.76
2.4200,UKF,smooth,0.500,10.00,0.050,1,0.600,1,5.6758,7.8992,2.2234,1.5474,0.3807,0.1357,0.0534,6.0000,6.7342,4.2033,7.0309,72.4694,56.8450,-31.6913,55.2909,-29.5444,55.6379,-29.7649,57.3095,-30.6172,81.7580,-49.1842,-1.5541,2.1469,-1.2072,1.9264,0.4645,1.0741,23,0.0500,23,0,1.0000,0.0000,0.0000,7.8147,9.5821,1.2218,4.3573,4.1248,0.0000,1,0.0812,0.0468,2.3683,-0.0017,1.000,70.00,342.76
2.4300,UKF,smooth,0.500,10.00,0.050,1,0.600,1,5.6345,7.8810,2.2465,1.5664,0.3807,0.1357,0.0523,6.0000,6.7342,5.0736,7.6577,73.3624,57.1602,-32.0975,55.2909,-29.5444,55.6379,-29.7649,57.6128,-30.9128,81.4947,-48.7602,-1.8693,2.5531,-1.5223,2.3326,0.4527,1.1846,23,0.0600,23,0,1.0000,0.0000,0.0000,7.6293,9.4151,1.2062,4.3454,4.1373,0.0000,1,0.0812,0.0468,2.3683,-0.0017,1.000,70.00,342.76
2.4400,UKF,smooth,0.500,10.00,0.050,1,0.600,1,5.5955,7.8672,2.2717,1.5871,0.3807,0.1357,0.0513,6.0000,6.7342,5.9007,8.3545,74.1974,57.4758,-32.4940,55.2909,-29.5444,55.6379,-29.7649,57.9123,-31.1879,81.2104,-48.3118,-2.1849,2.9496,-1.8379,2.7291,0.4365,1.3061,23,0.0700,23,0,1.0000,0.0000,0.0000,7.4438,9.2484,1.1887,4.3335,4.1498,0.0000,1,0.0812,0.0468,2.3683,-0.0017,1.000,70.00,342.76
2.4500,UKF,smooth,0.500,10.00,0.050,1,0.600,1,5.5588,7.8576,2.2988,1.6094,0.3807,0.1357,0.0501,6.0000,6.7342,6.6734,9.1213,74.9743,57.7922,-32.8799,55.2909,-29.5444,55.6379,-29.7649,58.2072,-31.4415,80.9072,-47.8401,-2.5013,3.3355,-2.1543,3.1150,0.4151,1.4384,23,0.0800,23,0,1.0000,0.0000,0.0000,7.2582,9.0820,1.1697,4.3214,4.1624,0.0000,1,0.0812,0.0468,2.3683,-0.0017,1.000,70.00,342.76
2.4600,UKF,smooth,0.500,10.00,0.050,1,0.600,1,5.5245,7.8523,2.3278,1.6333,0.3807,0.1357,0.0489,6.0000,6.7342,7.3860,9.9594,75.6902,58.1084,-33.2546,55.2909,-29.5444,55.6379,-29.7649,58.4971,-31.6731,80.5869,-47.3463,-2.8175,3.7102,-2.4705,3.4897,0.3887,1.5816,23,0.0900,23,0,1.0000,0.0000,0.0000,7.0724,8.9160,1.1491,4.3093,4.1749,0.0000,1,0.1142,0.0509,2.3683,-0.0009,1.000,70.00,342.76
2.4700,UKF,smooth,0.500,10.00,0.050,1,0.600,1,5.4923,7.8511,2.3587,1.6588,0.3807,0.1357,0.0478,6.0000,6.7342,8.0347,10.8688,76.3425,58.4236,-33.6173,55.2909,-29.5444,55.6379,-29.7649,58.7812,-31.8820,80.2515,-46.8313,-3.1327,4.0729,-2.7858,3.8524,0.3576,1.7353,23,0.1000,23,0,1.0000,0.0000,0.0000,6.8865,8.7502,1.1272,4.2971,4.1875,0.0000,1,0.1142,0.0509,2.3683,-0.0009,1.000,70.00,342.76
2.4800,UKF,smooth,0.500,10.00,0.050,1,0.600,1,5.4624,7.8539,2.3915,1.6859,0.3807,0.1357,0.0466,6.0000,6.7342,8.6169,11.8483,76.9299,58.7374,-33.9672,55.2909,-29.5444,55.6379,-29.7649,59.0590,-32.0678,79.9029,-46.2963,-3.4465,4.4228,-3.0996,4.2023,0.3216,1.8994,23,0.1100,23,0,1.0000,0.0000,0.0000,6.7005,8.5848,1.1040,4.2848,4.2000,0.0000,1,0.1142,0.0509,2.3683,-0.0009,1.000,70.00,342.76
2.4900,UKF,smooth,0.500,10.00,0.050,1,0.600,1,5.4346,7.8608,2.4262,1.7145,0.3807,0.1357,0.0455,6.0000,6.7342,9.1309,12.8962,77.4513,59.0492,-34.3037,55.2909,-29.5444,55.6379,-29.7649,59.3299,-32.2301,79.5429,-45.7423,-3.7583,4.7593,-3.4114,4.5388,0.2807,2.0736,23,0.1200,23,0,1.0000,0.0000,0.0000,6.5144,8.4198,1.0796,4.2725,4.2125,0.0000,1,0.1142,0.0509,2.3683,-0.0009,1.000,70.00,342.76
2.5000,UKF,smooth,0.500,10.00,0.050,1,0.600,1,5.4090,7.8716,2.4627,1.7445,0.3807,0.1357,0.0444,6.0000,6.7342,9.5754,14.0102,77.9057,59.3585,-34.6262,55.2909,-29.5444,55.6379,-29.7649,59.5934,-32.3687,79.1732,-45.1704,-4.0676,5.0818,-3.7206,4.8613,0.2349,2.2575,23,0.1300,23,0,1.0000,0.0000,0.0000,6.3281,8.2550,1.0541,4.2601,4.2251,0.0000,1,0.1142,0.0509,2.3683,-0.0009,1.000,70.00,342.76
2.5100,UKF,smooth,0.500,10.00,0.050,1,0.600,1,5.3854,7.8864,2.5010,1.7760,0.3807,0.1357,0.0433,6.0000,6.7342,9.9496,15.1873,78.2922,59.6647,-34.9340,55.2909,-29.5444,55.6379,-29.7649,59.8489,-32.4832,78.7953,-44.5816,-4.3738,5.3896,-4.0268,5.1691,0.1842,2.4508,23,0.1400,23,0,1.0000,0.0000,0.0000,6.1416,8.0906,1.0275,4.2477,4.2376,0.0000,1,0.1142,0.0509,2.3683,-0.0009,1.000,70.00,342.76
2.5200,UKF,smooth,0.500,10.00,0.050,1,0.600,1,5.3639,7.3367,1.9728,1.3735,0.3784,0.1418,0.0399,6.0000,5.5064,0.6654,4.0272,78.6099,59.9671,-35.2265,58.1084,-33.2546,58.3889,-33.5840,60.5265,-34.7570,84.0701,-50.6356,-1.8587,1.9718,-1.5783,1.6424,0.5594,0.4695,24,0.0600,24,0,1.0000,0.0000,0.0000,5.9551,7.9265,0.9998,4.2351,4.2501,0.0000,1,0.1142,0.0509,2.4591,-0.0009,1.000,70.00,342.76
2.5300,UKF,smooth,0.500,10.00,0.050,1,0.600,1,5.3444,7.3332,1.9888,1.3956,0.3784,0.1418,0.0387,6.0000,5.5064,0.4533,4.1951,78.4819,60.2644,-35.5032,58.1084,-33.2546,58.3889,-33.5840,60.8343,-35.0027,83.6472,-50.0943,-2.1561,2.2486,-1.8756,1.9191,0.5698,0.5005,24,0.0700,24,0,1.0000,0.0000,0.0000,5.7684,7.7627,0.9711,4.2225,4.2627,0.0000,1,0.1142,0.0509,2.4591,-0.0009,1.000,70.00,342.76
2.5400,UKF,smooth,0.500,10.00,0.050,1,0.600,1,5.3269,7.3335,2.0066,1.4194,0.3784,0.1418,0.0376,6.0000,5.5064,0.1799,4.4029,78.2624,60.5570,-35.7636,58.1084,-33.2546,58.3889,-33.5840,61.1343,-35.2219,83.2095,-49.5308,-2.4486,2.5089,-2.1681,2.1795,0.5773,0.5417,24,0.0800,24,0,1.0000,0.0000,0.0000,5.5816,7.5992,0.9415,4.2099,4.2752,0.0000,1,0.1142,0.0509,2.4591,-0.0009,1.000,70.00,342.76
2.5500,UKF,smooth,0.500,10.00,0.050,1,0.600,1,5.3113,7.3376,2.0263,1.4447,0.3784,0.1418,0.0365,6.0000,5.5064,0.2798,4.6547,77.9526,60.8442,-36.0072,58.1084,-33.2546,58.3889,-33.5840,61.4258,-35.4140,82.7593,-48.9462,-2.7359,2.7525,-2.4554,2.4231,0.5816,0.5931,24,0.0900,24,0,1.0000,0.0000,0.0000,5.3946,7.4361,0.9109,4.1971,4.2877,0.0000,1,0.1142,0.0509,2.4591,-0.0009,1.000,70.00,342.76
2.5600,UKF,smooth,0.500,10.00,0.050,1,0.600,1,5.2976,7.3454,2.0477,1.4717,0.3784,0.1418,0.0354,6.0000,5.5064,0.7398,4.9550,77.5537,61.1256,-36.2335,58.1084,-33.2546,58.3889,-33.5840,61.7082,-35.5788,82.2986,-48.3412,-3.0172,2.9789,-2.7367,2.6495,0.5826,0.6547,24,0.1000,24,0,1.0000,0.0000,0.0000,5.2075,7.2733,0.8794,4.1843,4.3002,0.0000,1,0.1142,0.0509,2.4591,-0.0009,1.000,70.00,342.76
2.5700,UKF,smooth,0.500,10.00,0.050,1,0.600,1,5.2858,7.3567,2.0708,1.5001,0.3784,0.1418,0.0344,6.0000,5.5064,1.2980,5.3019,77.0687,61.4007,-36.4425,58.1084,-33.2546,58.3889,-33.5840,61.9814,-35.7178,81.8405,-47.7266,-3.2923,3.1878,-3.0118,2.8584,0.5808,0.7247,24,0.1100,24,0,1.0000,0.0000,0.0000,5.0225,7.1127,0.8475,4.1714,4.3127,0.0000,1,0.1142,0.0509,2.4591,-0.0009,1.000,70.00,342.76
2.5800,UKF,smooth,0.500,10.00,0.050,1,0.600,1,5.2758,7.3713,2.0954,1.5299,0.3784,0.1418,0.0333,6.0000,5.5064,1.9420,5.6965,76.5005,61.6689,-36.6338,58.1084,-33.2546,58.3889,-33.5840,62.2452,-35.8311,81.3859,-47.1034,-3.5606,3.3792,-3.2801,3.0498,0.5763,0.8027,24,0.1200,24,0,1.0000,0.0000,0.0000,4.8395,6.9543,0.8151,4.1585,4.3251,0.0000,1,0.0950,0.0598,2.4591,0.0012,1.000,70.00,342.76
2.5900,UKF,smooth,0.500,10.00,0.050,1,0.600,1,5.2676,7.3891,2.1215,1.5612,0.3784,0.1418,0.0323,6.0000,5.5064,2.6676,6.1393,75.8521,61.9301,-36.8076,58.1084,-33.2546,58.3889,-33.5840,62.4992,-35.9192,80.9357,-46.4723,-3.8217,3.5530,-3.5412,3.2236,0.5691,0.8883,24,0.1300,24,0,1.0000,0.0000,0.0000,4.6585,6.7981,0.7822,4.1455,4.3376,0.0000,1,0.0950,0.0598,2.4591,0.0012,1.000,70.00,342.76
2.6000,UKF,smooth,0.500,10.00,0.050,1,0.600,1,5.2610,7.4101,2.1491,1.5938,0.3784,0.1418,0.0314,6.0000,5.5064,3.4715,6.6293,75.1265,62.1836,-36.9636,58.1084,-33.2546,58.3889,-33.5840,62.7431,-35.9825,80.4905,-45.8343,-4.0752,3.7090,-3.7948,3.3796,0.5595,0.9812,24,0.1400,24,0,1.0000,0.0000,0.0000,4.4794,6.6439,0.7489,4.1324,4.3501,0.0000,1,0.0950,0.0598,2.4591,0.0012,1.000,70.00,342.76
2.6100,UKF,smooth,0.500,10.00,0.050,1,0.600,1,5.2562,7.4342,2.1780,1.6278,0.3784,0.1418,0.0304,6.0000,5.5064,4.3505,7.1647,74.3269,62.4292,-37.1020,58.1084,-33.2546,58.3889,-33.5840,62.9767,-36.0213,80.0509,-45.1902,-4.3209,3.8474,-4.0404,3.5180,0.5474,1.0807,24,0.1500,24,0,1.0000,0.0000,0.0000,4.3022,6.4917,0.7153,4.1193,4.3625,0.0000,1,0.0950,0.0598,2.4591,0.0012,1.000,70.00,342.76
2.6200,UKF,smooth,0.500,10.00,0.050,1,0.600,1,5.2529,7.4612,2.2083,1.6630,0.3784,0.1418,0.0295,6.0000,5.5064,5.3013,7.7434,73.4565,62.6666,-37.2226,58.1084,-33.2546,58.3889,-33.5840,63.1997,-36.0362,79.6174,-44.5407,-4.5582,3.9680,-4.2777,3.6386,0.5332,1.1864,24,0.1600,24,0,1.0000,0.0000,0.0000,4.1267,6.3415,0.6812,4.1060,4.3750,0.0000,1,0.0950,0.0598,2.4591,0.0012,1.000,70.00,342.76
2.6300,UKF,smooth,0.500,10.00,0.050,1,0.600,1,5.2513,7.4912,2.2399,1.6995,0.3784,0.1418,0.0286,6.0000,5.5064,6.3206,8.3624,72.5184,62.8953,-37.3256,58.1084,-33.2546,58.3889,-33.5840,63.4122,-36.0277,79.1904,-43.8866,-4.7869,4.0710,-4.5065,3.7416,0.5169,1.2979,24,0.1700,24,0,1.0000,0.0000,0.0000,3.9531,6.1932,0.6469,4.0928,4.3874,0.0000,1,0.0950,0.0598,2.4591,0.0012,1.000,70.00,342.76
2.6400,UKF,smooth,0.500,10.00,0.050,1,0.600,1,5.2511,6.7706,1.5195,1.2935,0.3724,0.1515,0.0218,6.0000,4.3067,5.6859,2.7406,71.5164,63.1152,-37.4110,61.6689,-36.6338,61.9114,-36.5924,63.5266,-37.1046,80.0642,-45.6483,-1.4462,0.7772,-1.2037,0.8187,0.4114,0.3064,25,0.0600,25,0,1.0000,0.0000,0.0000,3.7812,6.0467,0.6121,4.0794,4.3998,0.0000,1,0.0950,0.0598,2.5812,0.0012,1.000,70.00,342.76
2.6500,UKF,smooth,0.500,10.00,0.050,1,0.600,1,5.2526,6.7730,1.5204,1.3185,0.3724,0.1515,0.0210,6.0000,4.3067,7.0014,2.7445,70.3040,63.3259,-37.4790,61.6689,-36.6338,61.9114,-36.5924,63.7659,-37.1971,79.6550,-44.9984,-1.6569,0.8452,-1.4144,0.8867,0.4401,0.2820,25,0.0700,25,0,1.0000,0.0000,0.0000,3.6109,5.9021,0.5771,4.0660,4.4122,0.0000,1,0.0950,0.0598,2.5812,0.0012,1.000,70.00,342.76
2.6600,UKF,smooth,0.500,10.00,0.050,1,0.600,1,5.2554,6.7783,1.5229,1.3450,0.3724,0.1515,0.0202,6.0000,4.3067,8.4074,2.7916,69.0150,63.5272,-37.5296,61.6689,-36.6338,61.9114,-36.5924,63.9947,-37.2628,79.2459,-44.3376,-1.8583,0.8958,-1.6158,0.9373,0.4674,0.2668,25,0.0800,25,0,1.0000,0.0000,0.0000,3.4422,5.7591,0.5417,4.0525,4.4246,0.0000,1,0.0950,0.0598,2.5812,0.0012,1.000,70.00,342.76
2.6700,UKF,smooth,0.500,10.00,0.050,1,0.600,1,5.2598,6.7865,1.5267,1.3728,0.3724,0.1515,0.0194,6.0000,4.3067,9.8947,2.8726,67.6547,63.7190,-37.5630,61.6689,-36.6338,61.9114,-36.5924,64.2124,-37.3021,78.8379,-43.6669,-2.0500,0.9292,-1.8075,0.9707,0.4935,0.2609,25,0.0900,25,0,1.0000,0.0000,0.0000,3.2752,5.6179,0.5060,4.0389,4.4370,0.0000,1,0.0950,0.0598,2.5812,0.0012,1.000,70.00,342.76
2.6800,UKF,smooth,0.500,10.00,0.050,1,0.600,1,5.2656,6.7975,1.5320,1.4020,0.3724,0.1515,0.0187,6.0000,4.3067,11.4561,2.9807,66.2282,63.9010,-37.5794,61.6689,-36.6338,61.9114,-36.5924,64.4190,-37.3153,78.4317,-42.9873,-2.2320,0.9456,-1.9895,0.9871,0.5181,0.2641,25,0.1000,25,0,1.0000,0.0000,0.0000,3.1096,5.4783,0.4700,4.0253,4.4494,0.0000,1,0.1064,0.0569,2.5812,-0.0004,1.000,70.00,342.76
2.6900,UKF,smooth,0.500,10.00,0.050,1,0.600,1,5.2728,6.8113,1.5386,1.4325,0.3724,0.1515,0.0180,6.0000,4.3067,13.0853,3.1124,64.7403,64.0731,-37.5790,61.6689,-36.6338,61.9114,-36.5924,64.6143,-37.3029,78.0282,-42.2996,-2.4041,0.9452,-2.1616,0.9867,0.5412,0.2761,25,0.1100,25,0,1.0000,0.0000,0.0000,2.9456,5.3402,0.4337,4.0116,4.4617,0.0000,1,0.1064,0.0569,2.5812,-0.0004,1.000,70.00,342.76
2.7000,UKF,smooth,0.500,10.00,0.050,1,0.600,1,5.2813,6.8278,1.5465,1.4643,0.3724,0.1515,0.0173,6.0000,4.3067,14.7765,3.2667,63.1965,64.2352,-37.5620,61.6689,-36.6338,61.9114,-36.5924,64.7980,-37.2652,77.6279,-41.6049,-2.5663,0.9282,-2.3238,0.9696,0.5628,0.2967,25,0.1200,25,0,1.0000,0.0000,0.0000,2.7829,5.2037,0.3971,3.9978,4.4741,0.0000,1,0.1064,0.0569,2.5812,-0.0004,1.000,70.00,342.76
2.7100,UKF,smooth,0.500,10.00,0.050,1,0.600,1,5.2912,6.8470,1.5557,1.4973,0.3724,0.1515,0.0166,6.0000,4.3067,16.5242,3.4449,61.6016,64.3873,-37.5286,61.6689,-36.6338,61.9114,-36.5924,64.9702,-37.2028,77.2315,-40.9039,-2.7183,0.8948,-2.4758,0.9362,0.5829,0.3258,25,0.1300,25,0,1.0000,0.0000,0.0000,2.6217,5.0687,0.3603,3.9840,4.4864,0.0000,1,0.1064,0.0569,2.5812,-0.0004,1.000,70.00,342.76
2.7200,UKF,smooth,0.500,10.00,0.050,1,0.600,1,5.3025,6.8687,1.5662,1.5315,0.3724,0.1515,0.0160,6.0000,4.3067,18.3231,3.6493,59.9608,64.5292,-37.4791,61.6689,-36.6338,61.9114,-36.5924,65.1307,-37.1162,76.8394,-40.1978,-2.8603,0.8453,-2.6178,0.8868,0.6015,0.3629,25,0.1400,25,0,1.0000,0.0000,0.0000,2.4619,4.9351,0.3231,3.9701,4.4987,0.0000,1,0.1064,0.0569,2.5812,-0.0004,1.000,70.00,342.76
2.7300,UKF,smooth,0.500,10.00,0.050,1,0.600,1,5.3151,6.8930,1.5780,1.5668,0.3724,0.1515,0.0154,6.0000,4.3067,20.1683,3.8829,58.2789,64.6610,-37.4138,61.6689,-36.6338,61.9114,-36.5924,65.2796,-37.0058,76.4520,-39.4872,-2.9921,0.7800,-2.7496,0.8215,0.6185,0.4080,25,0.1500,25,0,1.0000,0.0000,0.0000,2.3034,4.8030,0.2856,3.9562,4.5110,0.0000,1,0.1064,0.0569,2.5812,-0.0004,1.000,70.00,342.76
2.7400,UKF,smooth,0.500,10.00,0.050,1,0.600,1,5.3290,6.3255,0.9965,1.1819,0.3644,0.1620,0.0068,6.0000,3.3701,12.1298,5.5848,56.5608,64.7827,-37.3330,63.9010,-37.5794,64.0051,-37.8119,65.4732,-38.0566,77.0271,-41.2834,-0.8817,-0.2465,-0.7776,-0.4790,0.6905,-0.7237,26,0.0600,26,0,1.0000,0.0000,0.0000,2.1462,4.6722,0.2479,3.9421,4.5232,0.0000,1,0.1064,0.0569,2.6796,-0.0004,1.000,70.00,342.76
2.7500,UKF,smooth,0.500,10.00,0.050,1,0.600,1,5.3441,6.3299,0.9858,1.2067,0.3644,0.1620,0.0062,6.0000,3.3701,14.2593,6.1103,54.6566,64.8942,-37.2369,63.9010,-37.5794,64.0051,-37.8119,65.6437,-38.0339,76.6392,-40.5596,-0.9933,-0.3426,-0.8892,-0.5751,0.7494,-0.7971,26,0.0700,26,0,1.0000,0.0000,0.0000,1.9902,4.5426,0.2098,3.9280,4.5355,0.0000,1,0.1064,0.0569,2.6796,-0.0004,1.000,70.00,342.76
2.7600,UKF,smooth,0.500,10.00,0.050,1,0.600,1,5.3606,6.3369,0.9763,1.2329,0.3644,0.1620,0.0057,6.0000,3.3701,16.4396,6.5702,52.7145,64.9958,-37.1258,63.9010,-37.5794,64.0051,-37.8119,65.8020,-37.9844,76.2524,-39.8262,-1.0948,-0.4536,-0.9907,-0.6861,0.8062,-0.8585,26,0.0800,26,0,1.0000,0.0000,0.0000,1.8354,4.4144,0.1715,3.9139,4.5477,0.0000,1,0.1064,0.0569,2.6796,-0.0004,1.000,70.00,342.76
2.7700,UKF,smooth,0.500,10.00,0.050,1,0.600,1,5.3783,6.3463,0.9680,1.2604,0.3644,0.1620,0.0052,6.0000,3.3701,18.6648,6.9648,50.7418,65.0873,-37.0002,63.9010,-37.5794,64.0051,-37.8119,65.9480,-37.9084,75.8676,-39.0844,-1.1864,-0.5792,-1.0823,-0.8117,0.8607,-0.9082,26,0.0900,26,0,1.0000,0.0000,0.0000,1.6818,4.2874,0.1328,3.8996,4.5599,0.0000,1,0.1064,0.0569,2.6796,-0.0004,1.000,70.00,342.76
2.7800,UKF,smooth,0.500,10.00,0.050,1,0.600,1,5.3973,6.3582,0.9608,1.2892,0.3644,0.1620,0.0047,6.0000,3.3701,20.9293,7.2950,48.7456,65.1691,-36.8603,63.9010,-37.5794,64.0051,-37.8119,66.0817,-37.8064,75.4855,-38.3353,-1.2681,-0.7191,-1.1640,-0.9516,0.9127,-0.9460,26,0.1000,26,0,1.0000,0.0000,0.0000,1.5294,4.1615,0.0939,3.8853,4.5721,0.0000,1,0.1064,0.0569,2.6796,-0.0004,1.000,70.00,342.76
2.7900,UKF,smooth,0.500,10.00,0.050,1,0.600,1,5.4176,6.3725,0.9549,1.3193,0.3644,0.1620,0.0042,6.0000,3.3701,23.2276,7.5624,46.7331,65.2411,-36.7065,63.9010,-37.5794,64.0051,-37.8119,66.2031,-37.6788,75.1065,-37.5798,-1.3401,-0.8729,-1.2360,-1.1054,0.9621,-0.9723,26,0.1100,26,0,1.0000,0.0000,0.0000,1.3781,4.0368,0.0546,3.8710,4.5843,0.0000,1,0.1071,0.0544,2.6796,0.0004,1.000,70.00,342.76
2.8000,UKF,smooth,0.500,10.00,0.050,1,0.600,1,5.4391,6.3892,0.9501,1.3506,0.3644,0.1620,0.0038,6.0000,3.3701,25.5542,7.7689,44.7121,65.3035,-36.5391,63.9010,-37.5794,64.0051,-37.8119,66.3122,-37.5261,74.7311,-36.8189,-1.4025,-1.0403,-1.2984,-1.2729,1.0088,-0.9870,26,0.1200,26,0,1.0000,0.0000,0.0000,1.2278,3.9132,0.0151,3.8565,4.5964,0.0000,1,0.1071,0.0544,2.6796,0.0004,1.000,70.00,342.76
2.8100,UKF,smooth,0.500,10.00,0.050,1,0.600,1,5.4619,6.4083,0.9464,1.3830,0.3644,0.1620,0.0033,6.0000,3.3701,27.9041,7.9173,42.6902,65.3565,-36.3584,63.9010,-37.5794,64.0051,-37.8119,66.4092,-37.3488,74.3599,-36.0537,-1.4555,-1.2210,-1.3514,-1.4535,1.0527,-0.9903,26,0.1300,26,0,1.0000,0.0000,0.0000,1.0786,3.7907,-0.0249,3.8420,4.6086,0.0000,1,0.1071,0.0544,2.6796,0.0004,1.000,70.00,342.76
2.8200,UKF,smooth,0.500,10.00,0.050,1,0.600,1,5.4859,6.4298,0.9439,1.4166,0.3644,0.1620,0.0029,6.0000,3.3701,30.2722,8.0105,40.6754,65.4003,-36.1649,63.9010,-37.5794,64.0051,-37.8119,66.4941,-37.1475,73.9930,-35.2851,-1.4994,-1.4145,-1.3953,-1.6470,1.0938,-0.9826,26,0.1400,26,0,1.0000,0.0000,0.0000,0.9304,3.6691,-0.0651,3.8275,4.6207,0.0000,1,0.1071,0.0544,2.6796,0.0004,1.000,70.00,342.76
2.8300,UKF,smooth,0.500,10.00,0.050,1,0.600,1,5.5112,6.4537,0.9425,1.4513,0.3644,0.1620,0.0025,6.0000,3.3701,32.6537,8.0522,38.6764,65.4351,-35.9589,63.9010,-37.5794,64.0051,-37.8119,66.5672,-36.9227,73.6309,-34.5138,-1.5341,-1.6205,-1.4301,-1.8531,1.1321,-0.9639,26,0.1500,26,0,1.0000,0.0000,0.0000,0.7832,3.5486,-0.1057,3.8128,4.6327,0.0000,1,0.1071,0.0544,2.6796,0.0004,1.000,70.00,342.76
2.8400,UKF,smooth,0.500,10.00,0.050,1,0.600,1,5.5377,6.4799,0.9422,1.4870,0.3644,0.1620,0.0022,6.0000,3.3701,35.0440,8.0466,36.7020,65.4611,-35.7407,63.9010,-37.5794,64.0051,-37.8119,66.6287,-36.6751,73.2739,-33.7409,-1.5601,-1.8387,-1.4560,-2.0712,1.1676,-0.9344,26,0.1600,26,0,1.0000,0.0000,0.0000,0.6369,3.4290,-0.1467,3.7981,4.6448,0.0000,1,0.1071,0.0544,2.6796,0.0004,1.000,70.00,342.76
2.8500,UKF,smooth,0.500,10.00,0.050,1,0.600,1,5.5654,5.7997,0.2343,1.1048,0.3578,0.1686,0.0048,6.0000,3.6897,15.1396,3.0921,34.7620,65.4785,-35.5108,65.2411,-36.7065,65.3547,-36.8290,66.0790,-35.3579,70.0648,-25.3374,-0.2374,-1.1957,-0.1238,-1.3183,0.6005,0.1529,27,0.0600,27,0,1.0000,0.0000,0.0000,0.4916,3.3103,-0.1881,3.7834,4.6568,0.0000,1,0.1071,0.0544,2.7904,0.0004,1.000,70.00,342.76
2.8600,UKF,smooth,0.500,10.00,0.050,1,0.600,1,5.5944,5.8031,0.2087,1.1292,0.3578,0.1686,0.0051,6.0000,3.6897,17.3275,3.3530,33.0278,65.4876,-35.2694,65.2411,-36.7065,65.3547,-36.8290,66.1232,-35.0706,69.7515,-24.4883,-0.2465,-1.4371,-0.1329,-1.5596,0.6356,0.1988,27,0.0700,27,0,1.0000,0.0000,0.0000,0.3471,3.1925,-0.2300,3.7685,4.6688,0.0000,1,0.1071,0.0544,2.7904,0.0004,1.000,70.00,342.76
2.8700,UKF,smooth,0.500,10.00,0.050,1,0.600,1,5.6247,5.8091,0.1844,1.1549,0.3578,0.1686,0.0055,6.0000,3.6897,19.5197,3.6486,31.3319,65.4885,-35.0170,65.2411,-36.7065,65.3547,-36.8290,66.1556,-34.7569,69.4411,-23.6408,-0.2475,-1.6895,-0.1339,-1.8120,0.6670,0.2601,27,0.0800,27,0,1.0000,0.0000,0.0000,0.2036,3.0755,-0.2722,3.7536,4.6808,0.0000,1,0.1071,0.0544,2.7904,0.0004,1.000,70.00,342.76
2.8800,UKF,smooth,0.500,10.00,0.050,1,0.600,1,5.6562,5.8176,0.1614,1.1818,0.3578,0.1686,0.0058,6.0000,3.6897,21.7111,3.9939,29.6857,65.4816,-34.7540,65.2411,-36.7065,65.3547,-36.8290,66.1764,-34.4172,69.1339,-22.7960,-0.2406,-1.9525,-0.1270,-2.0751,0.6947,0.3367,27,0.0900,27,0,1.0000,0.0000,0.0000,0.0608,2.9594,-0.3150,3.7387,4.6928,0.0000,1,0.1071,0.0544,2.7904,0.0004,1.000,70.00,342.76
2.8900,UKF,smooth,0.500,10.00,0.050,1,0.600,1,5.6889,5.8287,0.1397,1.2099,0.3578,0.1686,0.0061,6.0000,3.6897,23.8966,4.4036,28.1010,65.4671,-34.4806,65.2411,-36.7065,65.3547,-36.8290,66.1858,-34.0523,68.8303,-21.9548,-0.2261,-2.2259,-0.1125,-2.3484,0.7187,0.4284,27,0.1000,27,0,1.0000,0.0000,0.0000,-0.0811,2.8440,-0.3582,3.7237,4.7047,0.0000,1,0.1071,0.0544,2.7904,0.0004,1.000,70.00,342.76
2.9000,UKF,smooth,0.500,10.00,0.050,1,0.600,1,5.7230,5.8423,0.1193,1.2391,0.3578,0.1686,0.0064,6.0000,3.6897,26.0715,4.8897,26.5907,65.4453,-34.1974,65.2411,-36.7065,65.3547,-36.8290,66.1843,-33.6626,68.5306,-21.1181,-0.2043,-2.5091,-0.0906,-2.6317,0.7389,0.5348,27,0.1100,27,0,1.0000,0.0000,0.0000,-0.2222,2.7294,-0.4020,3.7086,4.7166,0.0000,1,0.1109,0.0528,2.7904,0.0014,1.000,70.00,342.76
2.9100,UKF,smooth,0.500,10.00,0.050,1,0.600,1,5.7583,5.8585,0.1003,1.2694,0.3578,0.1686,0.0066,6.0000,3.6897,28.2311,5.4607,25.1682,65.4164,-33.9046,65.2411,-36.7065,65.3547,-36.8290,66.1720,-33.2488,68.2349,-20.2867,-0.1754,-2.8019,-0.0617,-2.9245,0.7556,0.6557,27,0.1200,27,0,1.0000,0.0000,0.0000,-0.3625,2.6155,-0.4463,3.6934,4.7285,0.0000,1,0.1109,0.0528,2.7904,0.0014,1.000,70.00,342.76
2.9200,UKF,smooth,0.500,10.00,0.050,1,0.600,1,5.7948,5.8773,0.0825,1.3007,0.3578,0.1686,0.0069,6.0000,3.6897,30.3713,6.1219,23.8479,65.3807,-33.6025,65.2411,-36.7065,65.3547,-36.8290,66.1494,-32.8116,67.9434,-19.4612,-0.1397,-3.1040,-0.0260,-3.2265,0.7687,0.7909,27,0.1300,27,0,1.0000,0.0000,0.0000,-0.5021,2.5023,-0.4913,3.6782,4.7403,0.0000,1,0.1109,0.0528,2.7904,0.0014,1.000,70.00,342.76
2.9300,UKF,smooth,0.500,10.00,0.050,1,0.600,1,5.8327,5.8988,0.0661,1.3330,0.3578,0.1686,0.0072,6.0000,3.6897,32.4878,6.8754,22.6445,65.3385,-33.2917,65.2411,-36.7065,65.3547,-36.8290,66.1169,-32.3517,67.6564,-18.6422,-0.0974,-3.4148,0.0162,-3.5374,0.7784,0.9400,27,0.1400,27,0,1.0000,0.0000,0.0000,-0.6410,2.3897,-0.5370,3.6629,4.7522,0.0000,1,0.1109,0.0528,2.7904,0.0014,1.000,70.00,342.76
2.9400,UKF,smooth,0.500,10.00,0.050,1,0.600,1,5.8718,5.9229,0.0510,1.3663,0.3578,0.1686,0.0074,6.0000,3.6897,34.5767,7.7214,21.5728,65.2900,-32.9723,65.2411,-36.7065,65.3547,-36.8290,66.0748,-31.8698,67.3739,-17.8300,-0.0489,-3.7342,0.0647,-3.8567,0.7848,1.1025,27,0.1500,27,0,1.0000,0.0000,0.0000,-0.7791,2.2778,-0.5834,3.6476,4.7639,0.0000,1,0.1109,0.0528,2.7904,0.0014,1.000,70.00,342.76
2.9500,UKF,smooth,0.500,10.00,0.050,1,0.600,1,5.9122,5.9496,0.0374,1.4004,0.3578,0.1686,0.0076,6.0000,3.6897,36.6342,8.6585,20.6469,65.2355,-32.6449,65.2411,-36.7065,65.3547,-36.8290,66.0236,-31.3666,67.0960,-17.0250,0.0056,-4.0616,0.1192,-4.1842,0.7881,1.2783,27,0.1600,27,0,1.0000,0.0000,0.0000,-0.9165,2.1666,-0.6307,3.6322,4.7757,0.0000,1,0.1109,0.0528,2.7904,0.0014,1.000,70.00,342.76
2.9600,UKF,smooth,0.500,10.00,0.050,1,0.600,1,5.9540,5.9870,0.0330,0.9827,0.3533,0.1736,0.0124,6.0000,3.7659,11.7529,2.5652,19.8789,65.1753,-32.3096,65.4453,-34.1974,65.2223,-34.1324,65.2020,-32.7371,63.6167,-20.7853,0.2701,-1.8878,0.0471,-1.8228,0.0267,-0.4275,28,0.0600,28,0,1.0000,0.0000,0.0000,-1.0532,2.0559,-0.6789,3.6167,4.7874,0.0000,1,0.1109,0.0528,2.9014,0.0014,1.000,70.00,342.76
2.9700,UKF,smooth,0.500,10.00,0.050,1,0.600,1,5.9970,6.0076,0.0106,1.0073,0.3533,0.1736,0.0126,6.0000,3.7659,13.9878,2.4976,19.4930,65.1096,-31.9669,65.4453,-34.1974,65.2223,-34.1324,65.1293,-32.3833,63.3991,-20.0736,0.3357,-2.2305,0.1127,-2.1655,0.0197,-0.4165,28,0.0700,28,0,1.0000,0.0000,0.0000,-1.1887,1.9461,-0.7279,3.6012,4.7991,0.0000,1,0.1109,0.0528,2.9014,0.0014,1.000,70.00,342.76
2.9800,UKF,smooth,0.500,10.00,0.050,1,0.600,1,6.0413,6.0306,-0.0107,1.0332,0.3533,0.1736,0.0128,6.0000,3.7659,16.2031,2.3394,19.3456,65.0388,-31.6171,65.4453,-34.1974,65.2223,-34.1324,65.0485,-32.0074,63.1848,-19.3652,0.4065,-2.5803,0.1835,-2.5153,0.0096,-0.3903,28,0.0800,28,0,1.0000,0.0000,0.0000,-1.3224,1.8375,-0.7777,3.5856,4.8108,0.0000,1,0.1109,0.0528,2.9014,0.0014,1.000,70.00,342.76
2.9900,UKF,smooth,0.500,10.00,0.050,1,0.600,1,6.0869,6.0560,-0.0309,1.0604,0.3533,0.1736,0.0130,6.0000,3.7659,18.3942,2.0935,19.4346,64.9631,-31.2608,65.4453,-34.1974,65.2223,-34.1324,64.9600,-31.6100,62.9736,-18.6601,0.4822,-2.9366,0.2592,-2.8716,-0.0031,-0.3493,28,0.0900,28,0,1.0000,0.0000,0.0000,-1.4544,1.7302,-0.8284,3.5699,4.8224,0.0000,1,0.1109,0.0528,2.9014,0.0014,1.000,70.00,342.76
3.0000,UKF,smooth,0.500,10.00,0.050,1,0.600,1,6.1338,6.0838,-0.0501,1.0889,0.3533,0.1736,0.0132,6.0000,3.7659,20.5568,1.7637,19.7477,64.8828,-30.8981,65.4453,-34.1974,65.2223,-34.1324,64.8643,-31.1919,62.7659,-17.9581,0.5625,-3.2992,0.3396,-3.2342,-0.0185,-0.2938,28,0.1000,28,0,1.0000,0.0000,0.0000,-1.5845,1.6241,-0.8801,3.5542,4.8340,0.0000,1,0.1109,0.0528,2.9014,0.0014,1.000,70.00,342.76
3.0100,UKF,smooth,0.500,10.00,0.050,1,0.600,1,6.1820,6.1139,-0.0682,1.1186,0.3533,0.1736,0.0133,6.0000,3.7659,22.6868,1.3565,20.2644,64.7981,-30.5297,65.4453,-34.1974,65.2223,-34.1324,64.7619,-30.7537,62.5614,-17.2588,0.6472,-3.6677,0.4243,-3.6027,-0.0362,-0.2240,28,0.1100,28,0,1.0000,0.0000,0.0000,-1.7127,1.5193,-0.9330,3.5384,4.8456,0.0000,1,0.1109,0.0528,2.9014,0.0014,1.000,70.00,342.76
3.0200,UKF,smooth,0.500,10.00,0.050,1,0.600,1,6.2315,6.1462,-0.0853,1.1494,0.3533,0.1736,0.0135,6.0000,3.7659,24.7806,0.8909,20.9583,64.7093,-30.1556,65.4453,-34.1974,65.2223,-34.1324,64.6532,-30.2959,62.3604,-16.5615,0.7360,-4.0417,0.5131,-3.9768,-0.0560,-0.1403,28,0.1200,28,0,1.0000,0.0000,0.0000,-1.8389,1.4158,-0.9874,3.5225,4.8571,0.0000,1,0.0876,0.0478,2.9014,0.0001,1.000,70.00,342.76
3.0300,UKF,smooth,0.500,10.00,0.050,1,0.600,1,6.2822,6.1808,-0.1014,1.1813,0.3533,0.1736,0.0136,6.0000,3.7659,26.8346,0.4800,21.8007,64.6166,-29.7764,65.4453,-34.1974,65.2223,-34.1324,64.5388,-29.8192,62.1628,-15.8651,0.8287,-4.4210,0.6057,-4.3560,-0.0778,-0.0428,28,0.1300,28,0,1.0000,0.0000,0.0000,-1.9629,1.3137,-1.0436,3.5066,4.8686,0.0000,1,0.0876,0.0478,2.9014,0.0001,1.000,70.00,342.76
3.0400,UKF,smooth,0.500,10.00,0.050,1,0.600,1,6.3342,6.2175,-0.1167,1.2142,0.3533,0.1736,0.0138,6.0000,3.7659,28.8460,0.6697,22.7630,64.5204,-29.3921,65.4453,-34.1974,65.2223,-34.1324,64.4192,-29.3237,61.9687,-15.1679,0.9249,-4.8052,0.7020,-4.7402,-0.1012,0.0685,28,0.1400,28,0,1.0000,0.0000,0.0000,-2.0847,1.2131,-1.1022,3.4906,4.8801,0.0000,1,0.0876,0.0478,2.9014,0.0001,1.000,70.00,342.76
3.0500,UKF,smooth,0.500,10.00,0.050,1,0.600,1,6.3874,6.2562,-0.1312,1.2481,0.3533,0.1736,0.0139,6.0000,3.7659,30.8120,1.3381,23.8185,64.4208,-29.0032,65.4453,-34.1974,65.2223,-34.1324,64.2947,-28.8095,61.7781,-14.4673,1.0245,-5.1942,0.8016,-5.1292,-0.1261,0.1937,28,0.1500,28,0,1.0000,0.0000,0.0000,-2.2039,1.1142,-1.1637,3.4746,4.8915,0.0000,1,0.0876,0.0478,2.9014,0.0001,1.000,70.00,342.76
3.0600,UKF,smooth,0.500,10.00,0.050,1,0.600,1,6.4417,6.2967,-0.1451,1.2828,0.3533,0.1736,0.0141,6.0000,3.7659,32.7302,2.1581,24.9438,64.3181,-28.6096,65.4453,-34.1974,65.2223,-34.1324,64.1660,-28.2762,61.5912,-13.7597,1.1272,-5.5877,0.9043,-5.5228,-0.1521,0.3334,28,0.1600,28,0,1.0000,0.0000,0.0000,-2.3201,1.0172,-1.2290,3.4585,4.9029,0.0000,1,0.0876,0.0478,2.9014,0.0001,1.000,70.00,342.76
3.0700,UKF,smooth,0.500,10.00,0.050,1,0.600,1,6.4973,6.3802,-0.1171,1.0189,0.3512,0.1741,0.0163,6.0000,3.9111,10.2552,1.5523,26.1183,64.2125,-28.2116,64.7093,-30.1556,64.7016,-30.2392,64.4072,-28.4053,61.9901,-13.8721,0.4968,-1.9440,0.4891,-2.0276,0.1947,-0.1937,29,0.0500,29,0,1.0000,0.0000,0.0000,-2.4325,0.9226,-1.2997,3.4424,4.9143,0.0000,1,0.0876,0.0478,3.0201,0.0001,1.000,70.00,342.76
3.0800,UKF,smooth,0.500,10.00,0.050,1,0.600,1,6.5539,6.4159,-0.1380,1.0445,0.3512,0.1741,0.0164,6.0000,3.9111,12.2119,1.4804,27.4224,64.1042,-27.8090,64.7093,-30.1556,64.7016,-30.2392,64.3176,-27.9679,61.8359,-13.2280,0.6050,-2.3466,0.5974,-2.4302,0.2134,-0.1589,29,0.0600,29,0,1.0000,0.0000,0.0000,-2.5398,0.8312,-1.3779,3.4261,4.9256,0.0000,1,0.0876,0.0478,3.0201,0.0001,1.000,70.00,342.76
3.0900,UKF,smooth,0.500,10.00,0.050,1,0.600,1,6.6115,6.4527,-0.1588,1.0712,0.3512,0.1741,0.0165,6.0000,3.9111,14.1393,1.3809,28.7731,63.9936,-27.4017,64.7093,-30.1556,64.7016,-30.2392,64.2234,-27.5081,61.6848,-12.5493,0.7157,-2.7539,0.7080,-2.8375,0.2298,-0.1064,29,0.0700,29,0,1.0000,0.0000,0.0000,-2.6391,0.7449,-1.4678,3.4099,4.9369,0.0000,1,0.0876,0.0478,3.0201,0.0001,1.000,70.00,342.76
3.1000,UKF,smooth,0.500,10.00,0.050,1,0.600,1,6.6698,6.4894,-0.1804,1.0990,0.3512,0.1741,0.0166,6.0000,3.9111,16.0374,1.3253,30.1598,63.8810,-26.9891,64.7093,-30.1556,64.7016,-30.2392,64.1258,-27.0227,61.5389,-11.8116,0.8283,-3.1665,0.8206,-3.2501,0.2448,-0.0336,29,0.0800,29,0,1.0000,0.0000,0.0000,-2.7234,0.6680,-1.5770,3.3935,4.9481,0.0000,1,0.0876,0.0478,3.0201,0.0001,1.000,70.00,342.76
3.1100,UKF,smooth,0.500,10.00,0.050,1,0.600,1,6.7283,6.5226,-0.2057,1.1279,0.3512,0.1741,0.0167,6.0000,3.9111,17.9053,1.4524,31.5737,63.7669,-26.5707,64.7093,-30.1556,64.7016,-30.2392,64.0281,-26.5096,61.4047,-10.9792,0.9424,-3.5850,0.9347,-3.6685,0.2612,0.0610,29,0.0900,29,0,1.0000,0.0000,0.0000,-2.7693,0.6154,-1.7191,3.3771,4.9593,0.0000,1,0.0815,0.0516,3.0201,-0.0013,1.000,70.00,342.76
3.1200,UKF,smooth,0.500,10.00,0.050,1,0.600,1,6.7859,6.5441,-0.2417,1.1577,0.3512,0.1741,0.0169,6.0000,3.9111,19.7173,1.7688,32.9824,63.6527,-26.1501,64.7093,-30.1556,64.7016,-30.2392,63.9405,-26.0107,61.3025,-10.1669,1.0566,-4.0055,1.0489,-4.0891,0.2878,0.1395,29,0.1000,29,0,1.0000,0.0000,0.0000,-2.7070,0.6310,-1.8772,3.3607,4.9705,0.0000,1,0.0815,0.0516,3.0201,-0.0013,1.000,70.00,342.76
3.1300,UKF,smooth,0.500,10.00,0.050,1,0.600,1,6.8418,6.5565,-0.2853,1.1887,0.3512,0.1741,0.0170,6.0000,3.9111,21.4195,1.9138,34.3206,63.5395,-25.7379,64.7093,-30.1556,64.7016,-30.2392,63.8648,-25.6153,61.2285,-9.7564,1.1698,-4.4177,1.1621,-4.5013,0.3253,0.1226,29,0.1100,29,0,1.0000,0.0000,0.0000,-2.5490,0.7075,-1.9501,3.3441,4.9816,0.0000,1,0.0815,0.0516,3.0201,-0.0013,1.000,70.00,342.76
3.1400,UKF,smooth,0.500,10.00,0.050,1,0.600,1,6.8962,6.5664,-0.3298,1.2208,0.3512,0.1741,0.0171,6.0000,3.9111,23.0055,2.0093,35.5721,63.4273,-25.3388,64.7093,-30.1556,64.7016,-30.2392,63.7927,-25.2902,61.1592,-9.6041,1.2820,-4.8169,1.2743,-4.9004,0.3654,0.0485,29,0.1200,29,0,1.0000,0.0000,0.0000,-2.3737,0.7954,-1.9616,3.3276,4.9927,0.0000,1,0.0815,0.0516,3.0201,-0.0013,1.000,70.00,342.76
3.1500,UKF,smooth,0.500,10.00,0.050,1,0.600,1,6.9492,6.5743,-0.3749,1.2538,0.3512,0.1741,0.0172,6.0000,3.9111,24.4796,2.2386,36.7350,63.3160,-24.9543,64.7093,-30.1556,64.7016,-30.2392,63.7221,-25.0088,61.0897,-9.5769,1.3933,-5.2013,1.3856,-5.2849,0.4061,-0.0545,29,0.1300,29,0,1.0000,0.0000,0.0000,-2.1981,0.8840,-1.9440,3.3109,5.0038,0.0000,1,0.0815,0.0516,3.0201,-0.0013,1.000,70.00,342.76
3.1600,UKF,smooth,0.500,10.00,0.050,1,0.600,1,7.0007,6.5802,-0.4205,1.2879,0.3512,0.1741,0.0173,6.0000,3.9111,25.8479,2.6648,37.8104,63.2056,-24.5851,64.7093,-30.1556,64.7016,-30.2392,63.6524,-24.7612,61.0191,-9.6228,1.5037,-5.5705,1.4960,-5.6541,0.4468,-0.1761,29,0.1400,29,0,1.0000,0.0000,0.0000,-2.0248,0.9716,-1.9108,3.2942,5.0148,0.0000,1,0.0815,0.0516,3.0201,-0.0013,1.000,70.00,342.76
3.1700,UKF,smooth,0.500,10.00,0.050,1,0.600,1,7.0509,6.7887,-0.2623,1.0935,0.3508,0.1746,0.0177,6.0000,4.1690,10.1193,2.9641,38.8013,63.0958,-24.2312,63.7669,-26.5707,63.7936,-26.7258,63.2289,-24.7059,59.9308,-11.2670,0.6711,-2.3395,0.6977,-2.4946,0.1331,-0.4747,30,0.0600,30,0,1.0000,0.0000,0.0000,-1.8542,1.0580,-1.8682,3.2775,5.0257,0.0000,1,0.0815,0.0516,3.1087,-0.0013,1.000,70.00,342.76
3.1800,UKF,smooth,0.500,10.00,0.050,1,0.600,1,7.0998,6.8071,-0.2928,1.1216,0.3508,0.1746,0.0178,6.0000,4.1690,11.2970,3.4734,39.7427,62.9867,-23.8922,63.7669,-26.5707,63.7936,-26.7258,63.1407,-24.4486,59.8403,-11.3804,0.7802,-2.6784,0.8069,-2.8335,0.1540,-0.5563,30,0.0700,30,0,1.0000,0.0000,0.0000,-1.6862,1.1432,-1.8196,3.2607,5.0367,0.0000,1,0.0815,0.0516,3.1087,-0.0013,1.000,70.00,342.76
3.1900,UKF,smooth,0.500,10.00,0.050,1,0.600,1,7.1474,6.8229,-0.3245,1.1508,0.3508,0.1746,0.0179,6.0000,4.1690,12.3777,4.0354,40.5933,62.8780,-23.5681,63.7669,-26.5707,63.7936,-26.7258,63.0533,-24.2149,59.7482,-11.5211,0.8889,-3.0026,0.9155,-3.1577,0.1753,-0.6468,30,0.0800,30,0,1.0000,0.0000,0.0000,-1.5208,1.2274,-1.7667,3.2438,5.0475,0.0000,1,0.0815,0.0516,3.1087,-0.0013,1.000,70.00,342.76
3.2000,UKF,smooth,0.500,10.00,0.050,1,0.600,1,7.1937,6.8363,-0.3574,1.1811,0.3508,0.1746,0.0180,6.0000,4.1690,13.3684,4.6489,41.3579,62.7698,-23.2583,63.7669,-26.5707,63.7936,-26.7258,62.9668,-24.0042,59.6545,-11.6857,0.9971,-3.3124,1.0238,-3.4675,0.1970,-0.7459,30,0.0900,30,0,1.0000,0.0000,0.0000,-1.3577,1.3105,-1.7110,3.2269,5.0584,0.0000,1,0.1015,0.0410,3.1087,0.0011,1.000,70.00,342.76
3.2100,UKF,smooth,0.500,10.00,0.050,1,0.600,1,7.2387,6.8471,-0.3915,1.2123,0.3508,0.1746,0.0181,6.0000,4.1690,14.2762,5.3127,42.0420,62.6619,-22.9626,63.7669,-26.5707,63.7936,-26.7258,62.8811,-23.8159,59.5590,-11.8722,1.1050,-3.6081,1.1317,-3.7632,0.2192,-0.8534,30,0.1000,30,0,1.0000,0.0000,0.0000,-1.1970,1.3926,-1.6532,3.2099,5.0692,0.0000,1,0.1015,0.0410,3.1087,0.0011,1.000,70.00,342.76
3.2200,UKF,smooth,0.500,10.00,0.050,1,0.600,1,7.2823,6.8555,-0.4268,1.2446,0.3508,0.1746,0.0182,6.0000,4.1690,15.1077,6.0261,42.6511,62.5542,-22.6804,63.7669,-26.5707,63.7936,-26.7258,62.7959,-23.6496,59.4617,-12.0790,1.2127,-3.8902,1.2393,-4.0453,0.2417,-0.9691,30,0.1100,30,0,1.0000,0.0000,0.0000,-1.0383,1.4739,-1.5939,3.1929,5.0799,0.0000,1,0.1015,0.0410,3.1087,0.0011,1.000,70.00,342.76
3.2300,UKF,smooth,0.500,10.00,0.050,1,0.600,1,7.3247,6.8615,-0.4633,1.2778,0.3508,0.1746,0.0183,6.0000,4.1690,15.8696,6.7883,43.1907,62.4467,-22.4116,63.7669,-26.5707,63.7936,-26.7258,62.7114,-23.5046,59.3627,-12.3052,1.3202,-4.1591,1.3468,-4.3142,0.2647,-1.0930,30,0.1200,30,0,1.0000,0.0000,0.0000,-0.8818,1.5544,-1.5336,3.1758,5.0906,0.0000,1,0.1015,0.0410,3.1087,0.0011,1.000,70.00,342.76
3.2400,UKF,smooth,0.500,10.00,0.050,1,0.600,1,7.3658,6.8650,-0.5008,1.3120,0.3508,0.1746,0.0184,6.0000,4.1690,16.5681,7.5986,43.6660,62.3393,-22.1555,63.7669,-26.5707,63.7936,-26.7258,62.6274,-23.3805,59.2618,-12.5503,1.4276,-4.4151,1.4543,-4.5702,0.2881,-1.2249,30,0.1300,30,0,1.0000,0.0000,0.0000,-0.7272,1.6341,-1.4726,3.1586,5.1013,0.0000,1,0.1015,0.0410,3.1087,0.0011,1.000,70.00,342.76
3.2500,UKF,smooth,0.500,10.00,0.050,1,0.600,1,7.4056,7.0308,-0.3748,1.1534,0.3514,0.1743,0.0180,6.0000,4.7520,4.6824,1.5767,44.0826,62.2319,-21.9120,62.7698,-23.2583,62.6773,-23.4796,62.2142,-22.1709,58.1517,-10.3611,0.5379,-1.3463,0.4454,-1.5676,-0.0177,-0.2589,31,0.0500,31,0,1.0000,0.0000,0.0000,-0.5746,1.7130,-1.4111,3.1414,5.1119,0.0000,1,0.1015,0.0410,3.2011,0.0011,1.000,70.00,342.76
3.2600,UKF,smooth,0.500,10.00,0.050,1,0.600,1,7.4441,7.0450,-0.3991,1.1819,0.3514,0.1743,0.0181,6.0000,4.7520,5.0654,1.6567,44.2398,62.1245,-21.6805,62.7698,-23.2583,62.6773,-23.4796,62.1119,-21.9529,58.0353,-10.5144,0.6453,-1.5778,0.5528,-1.7991,-0.0126,-0.2723,31,0.0600,31,0,1.0000,0.0000,0.0000,-0.4238,1.7913,-1.3493,3.1242,5.1224,0.0000,1,0.1015,0.0410,3.2011,0.0011,1.000,70.00,342.76
3.2700,UKF,smooth,0.500,10.00,0.050,1,0.600,1,7.4813,7.0569,-0.4245,1.2114,0.3514,0.1743,0.0181,6.0000,4.7520,5.4066,1.7874,44.3288,62.0170,-21.4608,62.7698,-23.2583,62.6773,-23.4796,62.0101,-21.7548,57.9169,-10.6816,0.7528,-1.7975,0.6603,-2.0188,-0.0069,-0.2940,31,0.0700,31,0,1.0000,0.0000,0.0000,-0.2749,1.8689,-1.2874,3.1069,5.1330,0.0000,1,0.1015,0.0410,3.2011,0.0011,1.000,70.00,342.76
3.2800,UKF,smooth,0.500,10.00,0.050,1,0.600,1,7.5173,7.0663,-0.4510,1.2419,0.3514,0.1743,0.0182,6.0000,4.7520,5.7127,1.9677,44.3553,61.9093,-21.2525,62.7698,-23.2583,62.6773,-23.4796,61.9089,-21.5763,57.7963,-10.8627,0.8605,-2.0058,0.7680,-2.2271,-0.0005,-0.3238,31,0.0800,31,0,1.0000,0.0000,0.0000,-0.1278,1.9459,-1.2256,3.0895,5.1434,0.0000,1,0.1015,0.0410,3.2011,0.0011,1.000,70.00,342.76
3.2900,UKF,smooth,0.500,10.00,0.050,1,0.600,1,7.5519,7.0733,-0.4786,1.2733,0.3514,0.1743,0.0183,6.0000,4.7520,5.9910,2.1968,44.3246,61.8015,-21.0553,62.7698,-23.2583,62.6773,-23.4796,61.8081,-21.4167,57.6736,-11.0575,0.9683,-2.2030,0.8758,-2.4243,0.0066,-0.3614,31,0.0900,31,0,1.0000,0.0000,0.0000,0.0177,2.0223,-1.1639,3.0721,5.1539,0.0000,1,0.1015,0.0410,3.2011,0.0011,1.000,70.00,342.76
3.3000,UKF,smooth,0.500,10.00,0.050,1,0.600,1,7.5853,7.0779,-0.5074,1.3057,0.3514,0.1743,0.0184,6.0000,4.7520,6.2488,2.4737,44.2418,61.6934,-20.8687,62.7698,-23.2583,62.6773,-23.4796,61.7077,-21.2756,57.5486,-11.2662,1.0764,-2.3895,0.9839,-2.6108,0.0143,-0.4069,31,0.1000,31,0,1.0000,0.0000,0.0000,0.1614,2.0980,-1.1024,3.0546,5.1642,0.0000,1,0.1015,0.0410,3.2011,0.0011,1.000,70.00,342.76
3.3100,UKF,smooth,0.500,10.00,0.050,1,0.600,1,7.6174,7.0802,-0.5372,1.3390,0.3514,0.1743,0.0185,6.0000,4.7520,6.4933,2.7974,44.1119,61.5850,-20.6927,62.7698,-23.2583,62.6773,-23.4796,61.6076,-21.1527,57.4213,-11.4887,1.1848,-2.5656,1.0923,-2.7869,0.0226,-0.4600,31,0.1100,31,0,1.0000,0.0000,0.0000,0.3034,2.1732,-1.0413,3.0371,5.1746,0.0000,1,0.0887,0.0538,3.2011,-0.0001,1.000,70.00,342.76
3.3200,UKF,smooth,0.500,10.00,0.050,1,0.600,1,7.6482,7.0801,-0.5681,1.3732,0.3514,0.1743,0.0186,6.0000,4.7520,6.7310,3.1670,43.9395,61.4762,-20.5268,62.7698,-23.2583,62.6773,-23.4796,61.5077,-21.0474,57.2916,-11.7252,1.2936,-2.7315,1.2011,-2.9528,0.0315,-0.5206,31,0.1200,31,0,1.0000,0.0000,0.0000,0.4438,2.2479,-0.9805,3.0195,5.1848,0.0000,1,0.0887,0.0538,3.2011,-0.0001,1.000,70.00,342.76
3.3300,UKF,smooth,0.500,10.00,0.050,1,0.600,1,7.6777,7.0777,-0.6000,1.4082,0.3514,0.1743,0.0187,6.0000,4.7520,6.9680,3.5819,43.7292,61.3671,-20.3707,62.7698,-23.2583,62.6773,-23.4796,61.4081,-20.9594,57.1595,-11.9758,1.4028,-2.8876,1.3103,-3.1089,0.0410,-0.5887,31,0.1300,31,0,1.0000,0.0000,0.0000,0.5825,2.3220,-0.9201,3.0019,5.1951,0.0000,1,0.0887,0.0538,3.2011,-0.0001,1.000,70.00,342.76
3.3400,UKF,smooth,0.500,10.00,0.050,1,0.600,1,7.7060,7.0730,-0.6330,1.4442,0.3514,0.1743,0.0187,6.0000,4.7520,7.2101,4.0414,43.4853,61.2575,-20.2242,62.7698,-23.2583,62.6773,-23.4796,61.3086,-20.8884,57.0247,-12.2409,1.5123,-3.0341,1.4198,-3.2554,0.0511,-0.6641,31,0.1400,31,0,1.0000,0.0000,0.0000,0.7197,2.3956,-0.8601,2.9842,5.2053,0.0000,1,0.0887,0.0538,3.2011,-0.0001,1.000,70.00,342.76
3.3500,UKF,smooth,0.500,10.00,0.050,1,0.600,1,7.7330,7.0661,-0.6669,1.4810,0.3514,0.1743,0.0188,6.0000,4.7520,7.4617,4.5451,43.2118,61.1474,-20.0871,62.7698,-23.2583,62.6773,-23.4796,61.2092,-20.8340,56.8874,-12.5205,1.6224,-3.1712,1.5299,-3.3925,0.0618,-0.7469,31,0.1500,31,0,1.0000,0.0000,0.0000,0.8553,2.4688,-0.8007,2.9665,5.2154,0.0000,1,0.0887,0.0538,3.2011,-0.0001,1.000,70.00,342.76
3.3600,UKF,smooth,0.500,10.00,0.050,1,0.600,1,7.7587,7.0570,-0.7018,1.5186,0.3514,0.1743,0.0189,6.0000,4.7520,7.7269,5.0924,42.9126,61.0368,-19.9591,62.7698,-23.2583,62.6773,-23.4796,61.1099,-20.7959,56.7472,-12.8150,1.7330,-3.2992,1.6405,-3.5205,0.0731,-0.8368,31,0.1600,31,0,1.0000,0.0000,0.0000,0.9894,2.5414,-0.7419,2.9487,5.2255,0.0000,1,0.0887,0.0538,3.2011,-0.0001,1.000,70.00,342.76
3.3700,UKF,smooth,0.500,10.00,0.050,1,0.600,1,7.7832,7.3851,-0.3981,1.2593,0.3528,0.1726,0.0176,6.0000,5.5301,3.6760,2.0967,42.5915,60.9257,-19.8399,61.5850,-20.6927,61.6057,-20.5861,60.9928,-19.5005,56.8684,-10.5771,0.6593,-0.8527,0.6800,-0.7461,0.0671,0.3394,32,0.0600,32,0,1.0000,0.0000,0.0000,1.1219,2.6136,-0.6836,2.9308,5.2355,0.0000,1,0.0887,0.0538,3.3099,-0.0001,1.000,70.00,342.76
3.3800,UKF,smooth,0.500,10.00,0.050,1,0.600,1,7.8064,7.3920,-0.4145,1.2892,0.3528,0.1726,0.0177,6.0000,5.5301,4.4161,2.2949,42.0240,60.8140,-19.7294,61.5850,-20.6927,61.6057,-20.5861,60.8963,-19.3594,56.7505,-10.7511,0.7710,-0.9632,0.7917,-0.8566,0.0823,0.3701,32,0.0700,32,0,1.0000,0.0000,0.0000,1.2530,2.6853,-0.6259,2.9129,5.2455,0.0000,1,0.0887,0.0538,3.3099,-0.0001,1.000,70.00,342.76
3.3900,UKF,smooth,0.500,10.00,0.050,1,0.600,1,7.8284,7.3965,-0.4319,1.3201,0.3528,0.1726,0.0177,6.0000,5.5301,5.1866,2.4528,41.4255,60.7016,-19.6274,61.5850,-20.6927,61.6057,-20.5861,60.8001,-19.2338,56.6309,-10.9358,0.8833,-1.0653,0.9041,-0.9587,0.0985,0.3935,32,0.0800,32,0,1.0000,0.0000,0.0000,1.3825,2.7566,-0.5688,2.8950,5.2554,0.0000,1,0.0887,0.0538,3.3099,-0.0001,1.000,70.00,342.76
3.4000,UKF,smooth,0.500,10.00,0.050,1,0.600,1,7.8492,7.3988,-0.4504,1.3519,0.3528,0.1726,0.0178,6.0000,5.5301,5.9851,2.5724,40.8002,60.5886,-19.5335,61.5850,-20.6927,61.6057,-20.5861,60.7042,-19.1235,56.5096,-11.1314,0.9964,-1.1592,1.0171,-1.0526,0.1156,0.4100,32,0.0900,32,0,1.0000,0.0000,0.0000,1.5106,2.8274,-0.5123,2.8770,5.2652,0.0000,1,0.0831,0.0455,3.3099,-0.0012,1.000,70.00,342.76
3.4100,UKF,smooth,0.500,10.00,0.050,1,0.600,1,7.8687,7.3988,-0.4699,1.3847,0.3528,0.1726,0.0179,6.0000,5.5301,6.8091,2.6559,40.1520,60.4748,-19.4477,61.5850,-20.6927,61.6057,-20.5861,60.6086,-19.0279,56.3865,-11.3378,1.1101,-1.2450,1.1309,-1.1384,0.1337,0.4198,32,0.1000,32,0,1.0000,0.0000,0.0000,1.6373,2.8979,-0.4566,2.8590,5.2751,0.0000,1,0.0831,0.0455,3.3099,-0.0012,1.000,70.00,342.76
3.4200,UKF,smooth,0.500,10.00,0.050,1,0.600,1,7.8870,7.3966,-0.4903,1.4183,0.3528,0.1726,0.0179,6.0000,5.5301,7.6562,2.7057,39.4846,60.3604,-19.3698,61.5850,-20.6927,61.6057,-20.5861,60.5133,-18.9468,56.2616,-11.5553,1.2246,-1.3229,1.2453,-1.2163,0.1529,0.4229,32,0.1100,32,0,1.0000,0.0000,0.0000,1.7625,2.9679,-0.4015,2.8409,5.2848,0.0000,1,0.0831,0.0455,3.3099,-0.0012,1.000,70.00,342.76
3.4300,UKF,smooth,0.500,10.00,0.050,1,0.600,1,7.9040,7.3923,-0.5118,1.4528,0.3528,0.1726,0.0180,6.0000,5.5301,8.5241,2.7247,38.8015,60.2451,-19.2995,61.5850,-20.6927,61.6057,-20.5861,60.4182,-18.8799,56.1349,-11.7840,1.3398,-1.3931,1.3606,-1.2865,0.1730,0.4196,32,0.1200,32,0,1.0000,0.0000,0.0000,1.8863,3.0375,-0.3471,2.8228,5.2945,0.0000,1,0.0831,0.0455,3.3099,-0.0012,1.000,70.00,342.76
3.4400,UKF,smooth,0.500,10.00,0.050,1,0.600,1,7.9199,7.3857,-0.5341,1.4881,0.3528,0.1726,0.0181,6.0000,5.5301,9.4103,2.7157,38.1063,60.1291,-19.2368,61.5850,-20.6927,61.6057,-20.5861,60.3233,-18.8268,56.0063,-12.0240,1.4559,-1.4559,1.4766,-1.3493,0.1942,0.4100,32,0.1300,32,0,1.0000,0.0000,0.0000,2.0086,3.1068,-0.2934,2.8046,5.3042,0.0000,1,0.0831,0.0455,3.3099,-0.0012,1.000,70.00,342.76
3.4500,UKF,smooth,0.500,10.00,0.050,1,0.600,1,7.9345,7.7087,-0.2258,1.2908,0.3531,0.1716,0.0179,6.0000,5.9342,5.3933,2.5037,37.4021,60.0123,-19.1814,60.5886,-19.5335,60.8321,-19.4802,60.3645,-18.9326,56.6354,-14.2438,0.5763,-0.3521,0.8197,-0.2987,0.3522,0.2489,33,0.0500,33,0,1.0000,0.0000,0.0000,2.1297,3.1757,-0.2404,2.7863,5.3138,0.0000,1,0.0831,0.0455,3.3988,-0.0012,1.000,70.00,342.76
3.4600,UKF,smooth,0.500,10.00,0.050,1,0.600,1,7.9480,7.7160,-0.2319,1.3200,0.3531,0.1716,0.0180,6.0000,5.9342,6.2922,2.6992,36.7248,59.8947,-19.1333,60.5886,-19.5335,60.8321,-19.4802,60.2810,-18.8734,56.5349,-14.4803,0.6939,-0.4003,0.9374,-0.3469,0.3863,0.2599,33,0.0600,33,0,1.0000,0.0000,0.0000,2.2493,3.2442,-0.1882,2.7681,5.3233,0.0000,1,0.0831,0.0455,3.3988,-0.0012,1.000,70.00,342.76
3.4700,UKF,smooth,0.500,10.00,0.050,1,0.600,1,7.9602,7.7211,-0.2391,1.3502,0.3531,0.1716,0.0181,6.0000,5.9342,7.2114,2.8807,36.0394,59.7761,-19.0922,60.5886,-19.5335,60.8321,-19.4802,60.1978,-18.8276,56.4335,-14.7272,0.8125,-0.4413,1.0559,-0.3880,0.4217,0.2646,33,0.0700,33,0,1.0000,0.0000,0.0000,2.3676,3.3124,-0.1367,2.7497,5.3328,0.0000,1,0.0831,0.0455,3.3988,-0.0012,1.000,70.00,342.76
3.4800,UKF,smooth,0.500,10.00,0.050,1,0.600,1,7.9713,7.7241,-0.2472,1.3812,0.3531,0.1716,0.0182,6.0000,5.9342,8.1481,3.0521,35.3495,59.6566,-19.0580,60.5886,-19.5335,60.8321,-19.4802,60.1151,-18.7949,56.3312,-14.9847,0.9320,-0.4755,1.1754,-0.4221,0.4585,0.2631,33,0.0800,33,0,1.0000,0.0000,0.0000,2.4845,3.3802,-0.0860,2.7314,5.3422,0.0000,1,0.0831,0.0455,3.3988,-0.0012,1.000,70.00,342.76
3.4900,UKF,smooth,0.500,10.00,0.050,1,0.600,1,7.9812,7.7249,-0.2563,1.4132,0.3531,0.1716,0.0183,6.0000,5.9342,9.0999,3.2174,34.6585,59.5361,-19.0307,60.5886,-19.5335,60.8321,-19.4802,60.0328,-18.7750,56.2280,-15.2528,1.0525,-0.5028,1.2959,-0.4495,0.4967,0.2557,33,0.0900,33,0,1.0000,0.0000,0.0000,2.6001,3.4477,-0.0361,2.7130,5.3516,0.0000,1,0.0948,0.0572,3.3988,-0.0009,1.000,70.00,342.76
3.5000,UKF,smooth,0.500,10.00,0.050,1,0.600,1,7.9900,7.7237,-0.2663,1.4461,0.3531,0.1716,0.0184,6.0000,5.9342,10.0646,3.3812,33.9697,59.4146,-19.0100,60.5886,-19.5335,60.8321,-19.4802,59.9510,-18.7676,56.1239,-15.5317,1.1739,-0.5235,1.4174,-0.4701,0.5363,0.2424,33,0.1000,33,0,1.0000,0.0000,0.0000,2.7144,3.5149,0.0131,2.6945,5.3609,0.0000,1,0.0948,0.0572,3.3988,-0.0009,1.000,70.00,342.76
3.5100,UKF,smooth,0.500,10.00,0.050,1,0.600,1,7.9975,7.7203,-0.2772,1.4798,0.3531,0.1716,0.0185,6.0000,5.9342,11.0404,3.5479,33.2862,59.2921,-18.9960,60.5886,-19.5335,60.8321,-19.4802,59.8695,-18.7724,56.0191,-15.8215,1.2965,-0.5376,1.5399,-0.4842,0.5774,0.2235,33,0.1100,33,0,1.0000,0.0000,0.0000,2.8274,3.5817,0.0615,2.6760,5.3702,0.0000,1,0.0948,0.0572,3.3988,-0.0009,1.000,70.00,342.76
3.5200,UKF,smooth,0.500,10.00,0.050,1,0.600,1,8.0040,7.7150,-0.2890,1.5144,0.3531,0.1716,0.0186,6.0000,5.9342,12.0253,3.7225,32.6114,59.1685,-18.9884,60.5886,-19.5335,60.8321,-19.4802,59.7885,-18.7893,55.9133,-16.1223,1.4201,-0.5452,1.6635,-0.4918,0.6200,0.1991,33,0.1200,33,0,1.0000,0.0000,0.0000,2.9391,3.6483,0.1090,2.6574,5.3794,0.0000,1,0.0948,0.0572,3.3988,-0.0009,1.000,70.00,342.76
3.5300,UKF,smooth,0.500,10.00,0.050,1,0.600,1,8.0093,7.7076,-0.3017,1.5498,0.3531,0.1716,0.0186,6.0000,5.9342,13.0177,3.9097,31.9484,59.0438,-18.9871,60.5886,-19.5335,60.8321,-19.4802,59.7080,-18.8179,55.8067,-16.4344,1.5448,-0.5464,1.7882,-0.4931,0.6642,0.1692,33,0.1300,33,0,1.0000,0.0000,0.0000,3.0495,3.7146,0.1558,2.6388,5.3886,0.0000,1,0.0948,0.0572,3.3988,-0.0009,1.000,70.00,342.76
3.5400,UKF,smooth,0.500,10.00,0.050,1,0.600,1,8.0135,7.6982,-0.3153,1.5860,0.3531,0.1716,0.0187,6.0000,5.9342,14.0160,4.1140,31.3002,58.9180,-18.9921,60.5886,-19.5335,60.8321,-19.4802,59.6279,-18.8581,55.6994,-16.7579,1.6706,-0.5414,1.9141,-0.4881,0.7099,0.1340,33,0.1400,33,0,1.0000,0.0000,0.0000,3.1587,3.7806,0.2017,2.6202,5.3976,0.0000,1,0.0948,0.0572,3.3988,-0.0009,1.000,70.00,342.76
3.5500,UKF,smooth,0.500,10.00,0.050,1,0.600,1,8.0165,8.0480,0.0315,1.3854,0.3531,0.1704,0.0188,6.0000,6.7725,6.1382,1.0635,30.6700,58.7910,-19.0033,59.5361,-19.0307,59.5944,-19.0229,58.9307,-18.8856,53.5240,-18.0537,0.7452,-0.0274,0.8035,-0.0196,0.1398,0.1177,34,0.0600,34,0,1.0000,0.0000,0.0000,3.2666,3.8463,0.2469,2.6015,5.4067,0.0000,1,0.0948,0.0572,3.4891,-0.0009,1.000,70.00,342.76
3.5600,UKF,smooth,0.500,10.00,0.050,1,0.600,1,8.0185,8.0526,0.0341,1.4162,0.3531,0.1704,0.0189,6.0000,6.7725,7.1031,1.0838,30.0034,58.6628,-19.0205,59.5361,-19.0307,59.5944,-19.0229,58.8143,-18.9109,53.3807,-18.3427,0.8734,-0.0102,0.9317,-0.0024,0.1515,0.1097,34,0.0700,34,0,1.0000,0.0000,0.0000,3.3733,3.9118,0.2912,2.5828,5.4156,0.0000,1,0.0948,0.0572,3.4891,-0.0009,1.000,70.00,342.76
3.5700,UKF,smooth,0.500,10.00,0.050,1,0.600,1,8.0193,8.0552,0.0359,1.4478,0.3531,0.1704,0.0190,6.0000,6.7725,8.0762,1.1017,29.3487,58.5333,-19.0438,59.5361,-19.0307,59.5944,-19.0229,58.6983,-18.9471,53.2359,-18.6410,1.0028,0.0131,1.0611,0.0209,0.1650,0.0967,34,0.0800,34,0,1.0000,0.0000,0.0000,3.4787,3.9770,0.3346,2.5640,5.4246,0.0000,1,0.0948,0.0572,3.4891,-0.0009,1.000,70.00,342.76
3.5800,UKF,smooth,0.500,10.00,0.050,1,0.600,1,8.0191,8.0558,0.0368,1.4803,0.3531,0.1704,0.0191,6.0000,6.7725,9.0558,1.1264,28.7090,58.4026,-19.0730,59.5361,-19.0307,59.5944,-19.0229,58.5827,-18.9941,53.0897,-18.9488,1.1335,0.0423,1.1918,0.0501,0.1801,0.0789,34,0.0900,34,0,1.0000,0.0000,0.0000,3.5829,4.0420,0.3772,2.5452,5.4334,0.0000,1,0.0948,0.0572,3.4891,-0.0009,1.000,70.00,342.76
3.5900,UKF,smooth,0.500,10.00,0.050,1,0.600,1,8.0177,8.0546,0.0368,1.5137,0.3531,0.1704,0.0192,6.0000,6.7725,10.0401,1.1676,28.0872,58.2706,-19.1080,59.5361,-19.0307,59.5944,-19.0229,58.4675,-19.0515,52.9420,-19.2660,1.2655,0.0773,1.3238,0.0851,0.1969,0.0564,34,0.1000,34,0,1.0000,0.0000,0.0000,3.6859,4.1067,0.4189,2.5264,5.4422,0.0000,1,0.0974,0.0557,3.4891,-0.0017,1.000,70.00,342.76
3.6000,UKF,smooth,0.500,10.00,0.050,1,0.600,1,8.0153,8.0514,0.0360,1.5480,0.3531,0.1704,0.0192,6.0000,6.7725,11.0278,1.2355,27.4863,58.1373,-19.1488,59.5361,-19.0307,59.5944,-19.0229,58.3528,-19.1193,52.7929,-19.5929,1.3989,0.1181,1.4572,0.1259,0.2155,0.0295,34,0.1100,34,0,1.0000,0.0000,0.0000,3.7877,4.1712,0.4597,2.5075,5.4509,0.0000,1,0.0974,0.0557,3.4891,-0.0017,1.000,70.00,342.76
3.6100,UKF,smooth,0.500,10.00,0.050,1,0.600,1,8.0119,8.0463,0.0344,1.5830,0.3531,0.1704,0.0193,6.0000,6.7725,12.0176,1.3382,26.9092,58.0025,-19.1953,59.5361,-19.0307,59.5944,-19.0229,58.2384,-19.1971,52.6422,-19.9293,1.5336,0.1646,1.5919,0.1724,0.2359,-0.0018,34,0.1200,34,0,1.0000,0.0000,0.0000,3.8883,4.2355,0.4996,2.4886,5.4596,0.0000,1,0.0974,0.0557,3.4891,-0.0017,1.000,70.00,342.76
3.6200,UKF,smooth,0.500,10.00,0.050,1,0.600,1,8.0074,8.0394,0.0320,1.6189,0.3531,0.1704,0.0194,6.0000,6.7725,13.0085,1.4808,26.3586,57.8664,-19.2474,59.5361,-19.0307,59.5944,-19.0229,58.1245,-19.2848,52.4900,-20.2754,1.6697,0.2167,1.7280,0.2245,0.2581,-0.0373,34,0.1300,34,0,1.0000,0.0000,0.0000,3.9878,4.2996,0.5387,2.4696,5.4682,0.0000,1,0.0974,0.0557,3.4891,-0.0017,1.000,70.00,342.76
3.6300,UKF,smooth,0.500,10.00,0.050,1,0.600,1,8.0018,8.0307,0.0289,1.6556,0.3531,0.1704,0.0195,6.0000,6.7725,13.9994,1.6652,25.8377,57.7288,-19.3052,59.5361,-19.0307,59.5944,-19.0229,58.0110,-19.3821,52.3364,-20.6312,1.8073,0.2745,1.8656,0.2823,0.2821,-0.0770,34,0.1400,34,0,1.0000,0.0000,0.0000,4.0860,4.3635,0.5768,2.4506,5.4767,0.0000,1,0.0974,0.0557,3.4891,-0.0017,1.000,70.00,342.76
3.6400,UKF,smooth,0.500,10.00,0.050,1,0.600,1,7.9953,8.0202,0.0249,1.6930,0.3531,0.1704,0.0195,6.0000,6.7725,14.9895,1.8905,25.3489,57.5898,-19.3684,59.5361,-19.0307,59.5944,-19.0229,57.8979,-19.4890,52.1812,-20.9968,1.9463,0.3377,2.0046,0.3455,0.3081,-0.1206,34,0.1500,34,0,1.0000,0.0000,0.0000,4.1832,4.4272,0.6140,2.4315,5.4852,0.0000,1,0.0974,0.0557,3.4891,-0.0017,1.000,70.00,342.76
3.6500,UKF,smooth,0.500,10.00,0.050,1,0.600,1,7.9877,8.0339,0.0462,1.4624,0.3533,0.1700,0.0194,6.0000,6.6850,5.2190,1.3414,24.8951,57.4492,-19.4372,58.2706,-19.1080,58.3162,-19.2544,57.6556,-19.5465,51.5146,-22.0657,0.8214,0.3292,0.8670,0.1828,0.2064,-0.1093,35,0.0600,35,0,1.0000,0.0000,0.0000,4.2791,4.4907,0.6502,2.4124,5.4936,0.0000,1,0.0974,0.0557,3.5883,-0.0017,1.000,70.00,342.76
3.6600,UKF,smooth,0.500,10.00,0.050,1,0.600,1,7.9791,8.0286,0.0495,1.4938,0.3533,0.1700,0.0195,6.0000,6.6850,6.2033,1.4907,24.4553,57.3071,-19.5113,58.2706,-19.1080,58.3162,-19.2544,57.5346,-19.6362,51.3496,-22.4177,0.9635,0.4034,1.0091,0.2569,0.2274,-0.1249,35,0.0700,35,0,1.0000,0.0000,0.0000,4.3739,4.5540,0.6855,2.3933,5.5020,0.0000,1,0.0974,0.0557,3.5883,-0.0017,1.000,70.00,342.76
3.6700,UKF,smooth,0.500,10.00,0.050,1,0.600,1,7.9694,8.0214,0.0520,1.5261,0.3533,0.1700,0.0196,6.0000,6.6850,7.1912,1.6623,24.0503,57.1634,-19.5909,58.2706,-19.1080,58.3162,-19.2544,57.4139,-19.7355,51.1828,-22.7793,1.1072,0.4829,1.1528,0.3365,0.2504,-0.1446,35,0.0800,35,0,1.0000,0.0000,0.0000,4.4676,4.6172,0.7198,2.3742,5.5103,0.0000,1,0.0974,0.0557,3.5883,-0.0017,1.000,70.00,342.76
3.6800,UKF,smooth,0.500,10.00,0.050,1,0.600,1,7.9589,8.0125,0.0537,1.5593,0.3533,0.1700,0.0196,6.0000,6.6850,8.1814,1.8568,23.6831,57.0181,-19.6758,58.2706,-19.1080,58.3162,-19.2544,57.2935,-19.8441,51.0143,-23.1507,1.2525,0.5678,1.2981,0.4214,0.2754,-0.1683,35,0.0900,35,0,1.0000,0.0000,0.0000,4.5602,4.6803,0.7531,2.3550,5.5185,0.0000,1,0.0974,0.0557,3.5883,-0.0017,1.000,70.00,342.76
3.6900,UKF,smooth,0.500,10.00,0.050,1,0.600,1,7.9473,8.0019,0.0546,1.5933,0.3533,0.1700,0.0197,6.0000,6.6850,9.1728,2.0748,23.3566,56.8711,-19.7660,58.2706,-19.1080,58.3162,-19.2544,57.1735,-19.9619,50.8439,-23.5318,1.3995,0.6580,1.4451,0.5116,0.3024,-0.1959,35,0.1000,35,0,1.0000,0.0000,0.0000,4.6516,4.7431,0.7854,2.3357,5.5267,0.0000,1,0.0840,0.0560,3.5883,-0.0015,1.000,70.00,342.76
3.7000,UKF,smooth,0.500,10.00,0.050,1,0.600,1,7.9347,7.9895,0.0548,1.6282,0.3533,0.1700,0.0198,6.0000,6.6850,10.1645,2.3163,23.0731,56.7224,-19.8614,58.2706,-19.1080,58.3162,-19.2544,57.0539,-20.0886,50.6717,-23.9226,1.5482,0.7534,1.5938,0.6070,0.3315,-0.2272,35,0.1100,35,0,1.0000,0.0000,0.0000,4.7420,4.8059,0.8166,2.3164,5.5348,0.0000,1,0.0840,0.0560,3.5883,-0.0015,1.000,70.00,342.76
3.7100,UKF,smooth,0.500,10.00,0.050,1,0.600,1,7.9212,7.9754,0.0542,1.6639,0.3533,0.1700,0.0198,6.0000,6.6850,11.1557,2.5817,22.8351,56.5720,-19.9621,58.2706,-19.1080,58.3162,-19.2544,56.9347,-20.2242,50.4976,-24.3231,1.6986,0.8541,1.7442,0.7077,0.3628,-0.2622,35,0.1200,35,0,1.0000,0.0000,0.0000,4.8312,4.8685,0.8468,2.2971,5.5428,0.0000,1,0.0840,0.0560,3.5883,-0.0015,1.000,70.00,342.76
3.7200,UKF,smooth,0.500,10.00,0.050,1,0.600,1,7.9068,7.9596,0.0528,1.7003,0.3533,0.1700,0.0199,6.0000,6.6850,12.1458,2.8708,22.6446,56.4197,-20.0679,58.2706,-19.1080,58.3162,-19.2544,56.8160,-20.3685,50.3217,-24.7335,1.8509,0.9599,1.8965,0.8135,0.3962,-0.3006,35,0.1300,35,0,1.0000,0.0000,0.0000,4.9194,4.9310,0.8759,2.2778,5.5508,0.0000,1,0.0840,0.0560,3.5883,-0.0015,1.000,70.00,342.76
3.7300,UKF,smooth,0.500,10.00,0.050,1,0.600,1,7.8914,7.9421,0.0508,1.7376,0.3533,0.1700,0.0200,6.0000,6.6850,13.1341,3.1837,22.5033,56.2657,-20.1789,58.2706,-19.1080,58.3162,-19.2544,56.6976,-20.5212,50.1438,-25.1535,2.0049,1.0709,2.0505,0.9245,0.4320,-0.3423,35,0.1400,35,0,1.0000,0.0000,0.0000,5.0064,4.9934,0.9039,2.2584,5.5587,0.0000,1,0.0840,0.0560,3.5883,-0.0015,1.000,70.00,342.76
3.7400,UKF,smooth,0.500,10.00,0.050,1,0.600,1,7.8750,7.9231,0.0480,1.7756,0.3533,0.1700,0.0200,6.0000,6.6850,14.1202,3.5199,22.4125,56.1097,-20.2950,58.2706,-19.1080,58.3162,-19.2544,56.5798,-20.6822,49.9641,-25.5833,2.1609,1.1870,2.2065,1.0406,0.4701,-0.3872,35,0.1500,35,0,1.0000,0.0000,0.0000,5.0924,5.0558,0.9308,2.2390,5.5666,0.0000,1,0.0840,0.0560,3.5883,-0.0015,1.000,70.00,342.76
3.7500,UKF,smooth,0.500,10.00,0.050,1,0.600,1,7.8578,8.2613,0.4035,1.4666,0.3552,0.1696,0.0182,6.0000,7.4002,5.6381,1.4488,22.3730,55.9518,-20.4162,56.8711,-19.7660,57.0280,-19.8886,56.2039,-20.4651,49.3036,-24.9267,0.9193,0.6502,1.0762,0.5275,0.2521,-0.0490,36,0.0600,36,0,1.0000,0.0000,0.0000,5.1773,5.1180,0.9565,2.2196,5.5744,0.0000,1,0.0840,0.0560,3.6885,-0.0015,1.000,70.00,342.76
3.7600,UKF,smooth,0.500,10.00,0.050,1,0.600,1,7.8396,8.2549,0.4153,1.4972,0.3552,0.1696,0.0183,6.0000,7.4002,6.6457,1.5970,22.3213,55.7920,-20.5424,56.8711,-19.7660,57.0280,-19.8886,56.0720,-20.5872,49.1283,-25.2734,1.0791,0.7764,1.2360,0.6538,0.2800,-0.0448,36,0.0700,36,0,1.0000,0.0000,0.0000,5.2612,5.1801,0.9810,2.2001,5.5821,0.0000,1,0.0840,0.0560,3.6885,-0.0015,1.000,70.00,342.76
3.7700,UKF,smooth,0.500,10.00,0.050,1,0.600,1,7.8205,8.2467,0.4262,1.5286,0.3552,0.1696,0.0183,6.0000,7.4002,7.6636,1.7632,22.3228,55.6302,-20.6736,56.8711,-19.7660,57.0280,-19.8886,55.9406,-20.7168,48.9518,-25.6270,1.2410,0.9076,1.3979,0.7850,0.3104,-0.0432,36,0.0800,36,0,1.0000,0.0000,0.0000,5.3440,5.2422,1.0042,2.1806,5.5897,0.0000,1,0.0840,0.0560,3.6885,-0.0015,1.000,70.00,342.76
3.7800,UKF,smooth,0.500,10.00,0.050,1,0.600,1,7.8006,8.2370,0.4364,1.5609,0.3552,0.1696,0.0184,6.0000,7.4002,8.6888,1.9463,22.3786,55.4662,-20.8098,56.8711,-19.7660,57.0280,-19.8886,55.8098,-20.8538,48.7738,-25.9872,1.4049,1.0439,1.5618,0.9212,0.3436,-0.0439,36,0.0900,36,0,1.0000,0.0000,0.0000,5.4258,5.3042,1.0262,2.1611,5.5973,0.0000,1,0.0804,0.0492,3.6885,0.0005,1.000,70.00,342.76
3.7900,UKF,smooth,0.500,10.00,0.050,1,0.600,1,7.7797,8.2256,0.4458,1.5941,0.3552,0.1696,0.0184,6.0000,7.4002,9.7196,2.1461,22.4891,55.3002,-20.9510,56.8711,-19.7660,57.0280,-19.8886,55.6796,-20.9978,48.5946,-26.3541,1.5709,1.1851,1.7278,1.0624,0.3794,-0.0468,36,0.1000,36,0,1.0000,0.0000,0.0000,5.5065,5.3662,1.0469,2.1415,5.6048,0.0000,1,0.0804,0.0492,3.6885,0.0005,1.000,70.00,342.76
3.8000,UKF,smooth,0.500,10.00,0.050,1,0.600,1,7.7580,8.2125,0.4545,1.6282,0.3552,0.1696,0.0185,6.0000,7.4002,10.7548,2.3627,22.6544,55.1320,-21.0971,56.8711,-19.7660,57.0280,-19.8886,55.5501,-21.1488,48.4142,-26.7273,1.7391,1.3312,1.8960,1.2085,0.4181,-0.0516,36,0.1100,36,0,1.0000,0.0000,0.0000,5.5862,5.4281,1.0662,2.1219,5.6123,0.0000,1,0.0804,0.0492,3.6885,0.0005,1.000,70.00,342.76
3.8100,UKF,smooth,0.500,10.00,0.050,1,0.600,1,7.7354,8.1979,0.4625,1.6631,0.3552,0.1696,0.0185,6.0000,7.4002,11.7936,2.5964,22.8741,54.9616,-21.2481,56.8711,-19.7660,57.0280,-19.8886,55.4213,-21.3063,48.2325,-27.1066,1.9095,1.4822,2.0664,1.3595,0.4597,-0.0582,36,0.1200,36,0,1.0000,0.0000,0.0000,5.6648,5.4899,1.0840,2.1023,5.6197,0.0000,1,0.0804,0.0492,3.6885,0.0005,1.000,70.00,342.76
3.8200,UKF,smooth,0.500,10.00,0.050,1,0.600,1,7.7120,8.1817,0.4697,1.6988,0.3552,0.1696,0.0186,6.0000,7.4002,12.8352,2.8474,23.1474,54.7889,-21.4040,56.8711,-19.7660,57.0280,-19.8886,55.2932,-21.4702,48.0495,-27.4918,2.0822,1.6380,2.2391,1.5154,0.5043,-0.0662,36,0.1300,36,0,1.0000,0.0000,0.0000,5.7425,5.5518,1.1004,2.0826,5.6270,0.0000,1,0.0804,0.0492,3.6885,0.0005,1.000,70.00,342.76
3.8300,UKF,smooth,0.500,10.00,0.050,1,0.600,1,7.6877,8.3543,0.6666,1.4551,0.3552,0.1692,0.0187,6.0000,8.0204,5.4200,1.7246,23.4734,54.6138,-21.5647,55.4662,-20.8098,55.2859,-20.7335,54.5287,-21.2883,45.4339,-26.5343,0.8524,0.7548,0.6720,0.8312,-0.0851,0.2764,37,0.0500,37,0,1.0000,0.0000,0.0000,5.8191,5.6136,1.1153,2.0629,5.6342,0.0000,1,0.0804,0.0492,3.7805,0.0005,1.000,70.00,342.76
3.8400,UKF,smooth,0.500,10.00,0.050,1,0.600,1,7.6626,8.3468,0.6842,1.4844,0.3552,0.1692,0.0187,6.0000,8.0204,6.4860,1.9281,23.7447,54.4364,-21.7302,55.4662,-20.8098,55.2859,-20.7335,54.3574,-21.4172,45.2048,-26.8467,1.0298,0.9203,0.8494,0.9966,-0.0790,0.3130,37,0.0600,37,0,1.0000,0.0000,0.0000,5.8946,5.6754,1.1285,2.0432,5.6414,0.0000,1,0.0804,0.0492,3.7805,0.0005,1.000,70.00,342.76
3.8500,UKF,smooth,0.500,10.00,0.050,1,0.600,1,7.6366,8.3376,0.7010,1.5146,0.3552,0.1692,0.0188,6.0000,8.0204,7.5586,2.1262,24.0670,54.2565,-21.9004,55.4662,-20.8098,55.2859,-20.7335,54.1867,-21.5519,44.9737,-27.1624,1.2097,1.0905,1.0293,1.1669,-0.0699,0.3485,37,0.0700,37,0,1.0000,0.0000,0.0000,5.9692,5.7372,1.1400,2.0234,5.6485,0.0000,1,0.0804,0.0492,3.7805,0.0005,1.000,70.00,342.76
3.8600,UKF,smooth,0.500,10.00,0.050,1,0.600,1,7.6098,8.3268,0.7170,1.5458,0.3552,0.1692,0.0188,6.0000,8.0204,8.6370,2.3213,24.4394,54.0741,-22.0753,55.4662,-20.8098,55.2859,-20.7335,54.0165,-21.6920,44.7407,-27.4811,1.3921,1.2654,1.2117,1.3418,-0.0576,0.3833,37,0.0800,37,0,1.0000,0.0000,0.0000,6.0427,5.7991,1.1498,2.0037,5.6556,0.0000,1,0.0804,0.0492,3.7805,0.0005,1.000,70.00,342.76
3.8700,UKF,smooth,0.500,10.00,0.050,1,0.600,1,7.5822,8.3145,0.7323,1.5778,0.3552,0.1692,0.0189,6.0000,8.0204,9.7205,2.5163,24.8610,53.8892,-22.2548,55.4662,-20.8098,55.2859,-20.7335,53.8469,-21.8371,44.5056,-27.8020,1.5771,1.4450,1.3967,1.5213,-0.0423,0.4177,37,0.0900,37,0,1.0000,0.0000,0.0000,6.1152,5.8609,1.1577,1.9839,5.6625,0.0000,1,0.0996,0.0409,3.7805,0.0004,1.000,70.00,342.76
3.8800,UKF,smooth,0.500,10.00,0.050,1,0.600,1,7.5537,8.3005,0.7468,1.6107,0.3552,0.1692,0.0189,6.0000,8.0204,10.8088,2.7143,25.3303,53.7016,-22.4390,55.4662,-20.8098,55.2859,-20.7335,53.6780,-21.9870,44.2686,-28.1247,1.7647,1.6291,1.5843,1.7055,-0.0236,0.4520,37,0.1000,37,0,1.0000,0.0000,0.0000,6.1867,5.9227,1.1635,1.9640,5.6694,0.0000,1,0.0996,0.0409,3.7805,0.0004,1.000,70.00,342.76
3.8900,UKF,smooth,0.500,10.00,0.050,1,0.600,1,7.5245,8.2850,0.7605,1.6445,0.3552,0.1692,0.0190,6.0000,8.0204,11.9014,2.9187,25.8458,53.5113,-22.6277,55.4662,-20.8098,55.2859,-20.7335,53.5097,-22.1412,44.0296,-28.4484,1.9550,1.8178,1.7746,1.8941,-0.0016,0.4865,37,0.1100,37,0,1.0000,0.0000,0.0000,6.2572,5.9845,1.1673,1.9442,5.6763,0.0000,1,0.0996,0.0409,3.7805,0.0004,1.000,70.00,342.76
3.9000,UKF,smooth,0.500,10.00,0.050,1,0.600,1,7.4944,8.2679,0.7735,1.6792,0.3552,0.1692,0.0190,6.0000,8.0204,12.9981,3.1331,26.4059,53.3182,-22.8208,55.4662,-20.8098,55.2859,-20.7335,53.3421,-22.2991,43.7886,-28.7723,2.1481,2.0110,1.9677,2.0873,0.0239,0.5217,37,0.1200,37,0,1.0000,0.0000,0.0000,6.3266,6.0463,1.1688,1.9243,5.6830,0.0000,1,0.0996,0.0409,3.7805,0.0004,1.000,70.00,342.76
3.9100,UKF,smooth,0.500,10.00,0.050,1,0.600,1,7.4636,8.2492,0.7856,1.7147,0.3552,0.1692,0.0190,6.0000,8.0204,14.0987,3.3615,27.0085,53.1222,-23.0183,55.4662,-20.8098,55.2859,-20.7335,53.1752,-22.4603,43.5457,-29.0953,2.3440,2.2084,2.1636,2.2848,0.0529,0.5579,37,0.1300,37,0,1.0000,0.0000,0.0000,6.3950,6.1082,1.1679,1.9044,5.6897,0.0000,1,0.0996,0.0409,3.7805,0.0004,1.000,70.00,342.76
3.9200,UKF,smooth,0.500,10.00,0.050,1,0.600,1,7.4320,8.2850,0.8530,1.4678,0.3542,0.1697,0.0200,6.0000,7.8708,4.3129,0.5123,27.6520,52.9234,-23.2201,53.8892,-22.2548,53.7929,-22.4352,53.0132,-23.2411,43.2934,-32.4453,0.9658,0.9652,0.8695,0.7848,0.0898,-0.0210,38,0.0500,38,0,1.0000,0.0000,0.0000,6.4623,6.1700,1.1643,1.8845,5.6964,0.0000,1,0.0996,0.0409,3.8704,0.0004,1.000,70.00,342.76
3.9300,UKF,smooth,0.500,10.00,0.050,1,0.600,1,7.3995,8.2717,0.8722,1.4970,0.3542,0.1697,0.0201,6.0000,7.8708,5.3155,0.6797,28.2960,52.7215,-23.4260,53.8892,-22.2548,53.7929,-22.4352,52.8440,-23.4373,43.0473,-32.7985,1.1676,1.1712,1.0713,0.9908,0.1225,-0.0113,38,0.0600,38,0,1.0000,0.0000,0.0000,6.5285,6.2318,1.1580,1.8645,5.7029,0.0000,1,0.0996,0.0409,3.8704,0.0004,1.000,70.00,342.76
3.9400,UKF,smooth,0.500,10.00,0.050,1,0.600,1,7.3663,8.2568,0.8905,1.5270,0.3542,0.1697,0.0201,6.0000,7.8708,6.3206,0.8764,28.9698,52.5166,-23.6360,53.8892,-22.2548,53.7929,-22.4352,52.6755,-23.6366,42.7992,-33.1492,1.3726,1.3812,1.2763,1.2007,0.1589,-0.0006,38,0.0700,38,0,1.0000,0.0000,0.0000,6.5936,6.2936,1.1485,1.8446,5.7094,0.0000,1,0.0996,0.0409,3.8704,0.0004,1.000,70.00,342.76
3.9500,UKF,smooth,0.500,10.00,0.050,1,0.600,1,7.3323,8.2404,0.9081,1.5580,0.3542,0.1697,0.0201,6.0000,7.8708,7.3277,1.0994,29.6719,52.3085,-23.8499,53.8892,-22.2548,53.7929,-22.4352,52.5077,-23.8384,42.5491,-33.4957,1.5807,1.5950,1.4844,1.4146,0.1992,0.0115,38,0.0800,38,0,1.0000,0.0000,0.0000,6.6575,6.3553,1.1357,1.8246,5.7158,0.0000,1,0.0996,0.0409,3.8704,0.0004,1.000,70.00,342.76
3.9600,UKF,smooth,0.500,10.00,0.050,1,0.600,1,7.2975,8.2223,0.9248,1.5900,0.3542,0.1697,0.0202,6.0000,7.8708,8.3361,1.3482,30.4007,52.0971,-24.0674,53.8892,-22.2548,53.7929,-22.4352,52.3406,-24.0417,42.2971,-33.8362,1.7920,1.8126,1.6958,1.6322,0.2434,0.0257,38,0.0900,38,0,1.0000,0.0000,0.0000,6.7202,6.4168,1.1192,1.8046,5.7222,0.0000,1,0.0996,0.0409,3.8704,0.0004,1.000,70.00,342.76
3.9700,UKF,smooth,0.500,10.00,0.050,1,0.600,1,7.2619,8.2026,0.9407,1.6228,0.3542,0.1697,0.0202,6.0000,7.8708,9.3455,1.6240,31.1547,51.8824,-24.2885,53.8892,-22.2548,53.7929,-22.4352,52.1742,-24.2457,42.0432,-34.1682,2.0067,2.0336,1.9105,1.8532,0.2918,0.0427,38,0.1000,38,0,1.0000,0.0000,0.0000,6.7817,6.4782,1.0985,1.7845,5.7285,0.0000,1,0.1053,0.0447,3.8704,0.0003,1.000,70.00,342.76
3.9800,UKF,smooth,0.500,10.00,0.050,1,0.600,1,7.2256,8.1813,0.9557,1.6564,0.3542,0.1697,0.0202,6.0000,7.8708,10.3553,1.9286,31.9326,51.6643,-24.5128,53.8892,-22.2548,53.7929,-22.4352,52.0087,-24.4493,41.7876,-34.4888,2.2249,2.2579,2.1286,2.0775,0.3445,0.0635,38,0.1100,38,0,1.0000,0.0000,0.0000,6.8417,6.5393,1.0732,1.7645,5.7347,0.0000,1,0.1053,0.0447,3.8704,0.0003,1.000,70.00,342.76
3.9900,UKF,smooth,0.500,10.00,0.050,1,0.600,1,7.1884,8.1582,0.9699,1.6910,0.3542,0.1697,0.0203,6.0000,7.8708,11.3650,2.2651,32.7329,51.4425,-24.7400,53.8892,-22.2548,53.7929,-22.4352,51.8441,-24.6509,41.5304,-34.7942,2.4466,2.4852,2.3503,2.3048,0.4015,0.0891,38,0.1200,38,0,1.0000,0.0000,0.0000,6.9002,6.6000,1.0426,1.7444,5.7408,0.0000,1,0.1053,0.0447,3.8704,0.0003,1.000,70.00,342.76
4.0000,UKF,smooth,0.500,10.00,0.050,1,0.600,1,7.1504,8.1335,0.9830,1.7264,0.3542,0.1697,0.0203,6.0000,7.8708,12.3740,2.6376,33.5541,51.2172,-24.9698,53.8892,-22.2548,53.7929,-22.4352,51.6803,-24.8489,41.2718,-35.0796,2.6720,2.7149,2.5757,2.5345,0.4632,0.1209,38,0.1300,38,0,1.0000,0.0000,0.0000,6.9570,6.6600,1.0060,1.7243,5.7469,0.0000,1,0.1053,0.0447,3.8704,0.0003,1.000,70.00,342.76
4.0100,UKF,smooth,0.500,10.00,0.050,1,0.600,1,7.1116,8.1069,0.9952,1.7626,0.3542,0.1697,0.0203,6.0000,7.8708,13.3813,3.0516,34.3947,50.9880,-25.2016,53.8892,-22.2548,53.7929,-22.4352,51.5174,-25.0410,41.0121,-35.3386,2.9012,2.9468,2.8049,2.7664,0.5294,0.1606,38,0.1400,38,0,1.0000,0.0000,0.0000,7.0118,6.7192,0.9625,1.7042,5.7529,0.0000,1,0.1053,0.0447,3.8704,0.0003,1.000,70.00,342.76
4.0200,UKF,smooth,0.500,10.00,0.050,1,0.600,1,7.0720,8.0282,0.9561,1.4472,0.3542,0.1705,0.0203,6.0000,7.9442,4.5469,2.5449,35.2531,50.7549,-25.4350,51.8824,-24.2885,51.5399,-24.2922,50.5702,-25.0462,36.9699,-34.5587,1.1275,1.1465,0.7850,1.1428,-0.1847,0.3888,39,0.0500,39,0,1.0000,0.0000,0.0000,7.0642,6.7770,0.9107,1.6840,5.7588,0.0000,1,0.1053,0.0447,3.9703,0.0003,1.000,70.00,342.76
4.0300,UKF,smooth,0.500,10.00,0.050,1,0.600,1,7.0316,8.0048,0.9732,1.4759,0.3542,0.1705,0.0203,6.0000,7.9442,5.4880,2.8484,36.0339,50.5178,-25.6691,51.8824,-24.2885,51.5399,-24.2922,50.3493,-25.2207,36.6134,-34.7104,1.3646,1.3806,1.0221,1.3769,-0.1685,0.4484,39,0.0600,39,0,1.0000,0.0000,0.0000,7.1135,6.8328,0.8493,1.6639,5.7647,0.0000,1,0.1053,0.0447,3.9703,0.0003,1.000,70.00,342.76
4.0400,UKF,smooth,0.500,10.00,0.050,1,0.600,1,6.9904,7.9798,0.9894,1.5056,0.3542,0.1705,0.0203,6.0000,7.9442,6.4256,3.2129,36.8257,50.2765,-25.9030,51.8824,-24.2885,51.5399,-24.2922,50.1284,-25.3860,36.2563,-34.8066,1.6060,1.6145,1.2634,1.6108,-0.1481,0.5169,39,0.0700,39,0,1.0000,0.0000,0.0000,7.1588,6.8855,0.7761,1.6437,5.7705,0.0000,1,0.1053,0.0447,3.9703,0.0003,1.000,70.00,342.76
4.0500,UKF,smooth,0.500,10.00,0.050,1,0.600,1,6.9483,7.9530,1.0047,1.5363,0.3542,0.1705,0.0204,6.0000,7.9442,7.3517,3.6609,37.6248,50.0307,-26.1354,51.8824,-24.2885,51.5399,-24.2922,49.9073,-25.5376,35.9007,-34.8271,1.8517,1.8469,1.5092,1.8432,-0.1235,0.5978,39,0.0800,39,0,1.0000,0.0000,0.0000,7.1985,6.9335,0.6886,1.6235,5.7762,0.0000,1,0.1053,0.0447,3.9703,0.0003,1.000,70.00,342.76
4.0600,UKF,smooth,0.500,10.00,0.050,1,0.600,1,6.9055,7.9248,1.0194,1.5679,0.3542,0.1705,0.0204,6.0000,7.9442,8.2583,4.2227,38.4268,49.7804,-26.3647,51.8824,-24.2885,51.5399,-24.2922,49.6855,-25.6689,35.5503,-34.7433,2.1020,2.0762,1.7595,2.0725,-0.0949,0.6958,39,0.0900,39,0,1.0000,0.0000,0.0000,7.2300,6.9740,0.5835,1.6033,5.7818,0.0000,1,0.1053,0.0447,3.9703,0.0003,1.000,70.00,342.76
4.0700,UKF,smooth,0.500,10.00,0.050,1,0.600,1,6.8619,7.8956,1.0337,1.6005,0.3542,0.1705,0.0204,6.0000,7.9442,9.1366,4.9397,39.2264,49.5252,-26.5887,51.8824,-24.2885,51.5399,-24.2922,49.4623,-25.7710,35.2116,-34.5149,2.3573,2.3002,2.0147,2.2965,-0.0629,0.8177,39,0.1000,39,0,1.0000,0.0000,0.0000,7.2490,7.0020,0.4573,1.5831,5.7874,0.0000,1,0.1053,0.0447,3.9703,0.0003,1.000,70.00,342.76
4.0800,UKF,smooth,0.500,10.00,0.050,1,0.600,1,6.8176,7.8664,1.0487,1.6339,0.3542,0.1705,0.0204,6.0000,7.9442,9.9759,5.8635,40.0168,49.2646,-26.8044,51.8824,-24.2885,51.5399,-24.2922,49.2362,-25.8322,34.8950,-34.0914,2.6178,2.5159,2.2753,2.5122,-0.0284,0.9722,39,0.1100,39,0,1.0000,0.0000,0.0000,7.2486,7.0100,0.3074,1.5629,5.7929,0.0000,1,0.0997,0.0575,3.9703,-0.0003,1.000,70.00,342.76
4.0900,UKF,smooth,0.500,10.00,0.050,1,0.600,1,6.7731,7.8393,1.0662,1.6682,0.3542,0.1705,0.0204,6.0000,7.9442,10.7658,7.0409,40.7915,48.9981,-27.0086,51.8824,-24.2885,51.5399,-24.2922,49.0050,-25.8411,34.6152,-33.4286,2.8843,2.7201,2.5418,2.7164,0.0069,1.1674,39,0.1200,39,0,1.0000,0.0000,0.0000,7.2192,6.9870,0.1360,1.5426,5.7983,0.0000,1,0.0997,0.0575,3.9703,-0.0003,1.000,70.00,342.76
4.1000,UKF,smooth,0.500,10.00,0.050,1,0.600,1,6.7286,7.8174,1.0888,1.7033,0.3542,0.1705,0.0204,6.0000,7.9442,11.4999,8.4752,41.5462,48.7250,-27.1980,51.8824,-24.2885,51.5399,-24.2922,48.7660,-25.7935,34.3860,-32.5299,3.1574,2.9095,2.8149,2.9058,0.0410,1.4045,39,0.1300,39,0,1.0000,0.0000,0.0000,7.1524,6.9231,-0.0452,1.5224,5.8037,0.0000,1,0.0997,0.0575,3.9703,-0.0003,1.000,70.00,342.76
4.1100,UKF,smooth,0.500,10.00,0.050,1,0.600,1,6.6848,7.8033,1.1185,1.7393,0.3542,0.1705,0.0204,6.0000,7.9442,12.1798,10.0985,42.2808,48.4446,-27.3709,51.8824,-24.2885,51.5399,-24.2922,48.5178,-25.6983,34.2100,-31.4739,3.4378,3.0824,3.0952,3.0787,0.0731,1.6726,39,0.1400,39,0,1.0000,0.0000,0.0000,7.0480,6.8172,-0.2178,1.5021,5.8089,0.0000,1,0.0997,0.0575,3.9703,-0.0003,1.000,70.00,342.76
4.1200,UKF,smooth,0.500,10.00,0.050,1,0.600,1,6.6420,7.7978,1.1558,1.7760,0.3542,0.1705,0.0204,6.0000,7.9442,12.8131,11.8140,42.9989,48.1566,-27.5267,51.8824,-24.2885,51.5399,-24.2922,48.2608,-25.5709,34.0768,-30.3657,3.7259,3.2382,3.3833,3.2345,0.1043,1.9558,39,0.1500,39,0,1.0000,0.0000,0.0000,6.9149,6.6782,-0.3688,1.4818,5.8141,0.0000,1,0.0997,0.0575,3.9703,-0.0003,1.000,70.00,342.76
4.1300,UKF,smooth,0.500,10.00,0.050,1,0.600,1,6.6006,7.8000,1.1993,1.8135,0.3542,0.1705,0.0204,6.0000,7.9442,13.4112,13.5301,43.7056,47.8605,-27.6661,51.8824,-24.2885,51.5399,-24.2922,47.9970,-25.4271,33.9692,-29.2971,4.0219,3.3776,3.6794,3.3739,0.1364,2.2390,39,0.1600,39,0,1.0000,0.0000,0.0000,6.7659,6.5202,-0.4926,1.4615,5.8193,0.0000,1,0.0997,0.0575,3.9703,-0.0003,1.000,70.00,342.76
4.1400,UKF,smooth,0.500,10.00,0.050,1,0.600,1,6.5609,7.2675,0.7065,1.4179,0.3549,0.1723,0.0197,6.0000,6.3474,2.7354,3.6993,44.4055,47.5564,-27.7901,49.2646,-26.8044,49.0554,-27.0160,48.2238,-27.9517,32.6938,-37.6747,1.7082,0.9856,1.4990,0.7741,0.6674,-0.1617,40,0.0600,40,0,1.0000,0.0000,0.0000,6.6097,6.3522,-0.5920,1.4412,5.8243,0.0000,1,0.0997,0.0575,4.0797,-0.0003,1.000,70.00,342.76
4.1500,UKF,smooth,0.500,10.00,0.050,1,0.600,1,6.5230,7.2501,0.7271,1.4469,0.3549,0.1723,0.0197,6.0000,6.3474,3.2207,4.0069,44.8852,47.2442,-27.8994,49.2646,-26.8044,49.0554,-27.0160,47.9802,-28.0249,32.5638,-36.7739,2.0204,1.0949,1.8112,0.8834,0.7359,-0.1255,40,0.0700,40,0,1.0000,0.0000,0.0000,6.4493,6.1780,-0.6723,1.4209,5.8293,0.0000,1,0.0997,0.0575,4.0797,-0.0003,1.000,70.00,342.76
4.1600,UKF,smooth,0.500,10.00,0.050,1,0.600,1,6.4869,7.2371,0.7502,1.4769,0.3549,0.1723,0.0198,6.0000,6.3474,3.7898,4.3384,45.3571,46.9241,-27.9946,49.2646,-26.8044,49.0554,-27.0160,47.7302,-28.0763,32.4467,-35.9044,2.3405,1.1902,2.1313,0.9786,0.8061,-0.0817,40,0.0800,40,0,1.0000,0.0000,0.0000,6.2867,5.9996,-0.7374,1.4006,5.8342,0.0000,1,0.0997,0.0575,4.0797,-0.0003,1.000,70.00,342.76
4.1700,UKF,smooth,0.500,10.00,0.050,1,0.600,1,6.4529,7.2286,0.7758,1.5079,0.3549,0.1723,0.0198,6.0000,6.3474,4.4386,4.6996,45.8268,46.5961,-28.0763,49.2646,-26.8044,49.0554,-27.0160,47.4740,-28.1072,32.3404,-35.0646,2.6685,1.2719,2.4593,1.0603,0.8780,-0.0309,40,0.0900,40,0,1.0000,0.0000,0.0000,6.1229,5.8183,-0.7902,1.3802,5.8391,0.0000,1,0.0997,0.0575,4.0797,-0.0003,1.000,70.00,342.76
4.1800,UKF,smooth,0.500,10.00,0.050,1,0.600,1,6.4208,7.2247,0.8039,1.5399,0.3549,0.1723,0.0198,6.0000,6.3474,5.1617,5.0950,46.2989,46.2604,-28.1448,49.2646,-26.8044,49.0554,-27.0160,47.2121,-28.1185,32.2431,-34.2530,3.0042,1.3404,2.7950,1.1288,0.9517,0.0264,40,0.1000,40,0,1.0000,0.0000,0.0000,5.9586,5.6348,-0.8329,1.3599,5.8439,0.0000,1,0.1023,0.0451,4.0797,-0.0018,1.000,70.00,342.76
4.1900,UKF,smooth,0.500,10.00,0.050,1,0.600,1,6.3909,7.2254,0.8345,1.5728,0.3549,0.1723,0.0198,6.0000,6.3474,5.9539,5.5275,46.7780,45.9172,-28.2005,49.2646,-26.8044,49.0554,-27.0160,46.9446,-28.1110,32.1536,-33.4684,3.3474,1.3960,3.1382,1.1845,1.0275,0.0894,40,0.1100,40,0,1.0000,0.0000,0.0000,5.7942,5.4496,-0.8671,1.3395,5.8486,0.0000,1,0.1023,0.0451,4.0797,-0.0018,1.000,70.00,342.76
4.2000,UKF,smooth,0.500,10.00,0.050,1,0.600,1,6.3631,7.2307,0.8676,1.6067,0.3549,0.1723,0.0197,6.0000,6.3474,6.8099,5.9983,47.2679,45.5667,-28.2435,49.2646,-26.8044,49.0554,-27.0160,46.6721,-28.0857,32.0710,-32.7100,3.6979,1.4391,3.4887,1.2275,1.1054,0.1578,40,0.1200,40,0,1.0000,0.0000,0.0000,5.6301,5.2629,-0.8938,1.3191,5.8532,0.0000,1,0.1023,0.0451,4.0797,-0.0018,1.000,70.00,342.76
4.2100,UKF,smooth,0.500,10.00,0.050,1,0.600,1,6.3375,7.2408,0.9033,1.6415,0.3549,0.1723,0.0197,6.0000,6.3474,7.7246,6.5078,47.7718,45.2092,-28.2743,49.2646,-26.8044,49.0554,-27.0160,46.3948,-28.0434,31.9941,-31.9773,4.0554,1.4698,3.8462,1.2583,1.1856,0.2309,40,0.1300,40,0,1.0000,0.0000,0.0000,5.4663,5.0751,-0.9141,1.2988,5.8577,0.0000,1,0.1023,0.0451,4.0797,-0.0018,1.000,70.00,342.76
4.2200,UKF,smooth,0.500,10.00,0.050,1,0.600,1,6.3141,7.2556,0.9415,1.6772,0.3549,0.1723,0.0197,6.0000,6.3474,8.6933,7.0549,48.2924,44.8450,-28.2929,49.2646,-26.8044,49.0554,-27.0160,46.1131,-27.9848,31.9223,-31.2699,4.4196,1.4885,4.2104,1.2769,1.2681,0.3081,40,0.1400,40,0,1.0000,0.0000,0.0000,5.3032,4.8862,-0.9287,1.2784,5.8622,0.0000,1,0.1023,0.0451,4.0797,-0.0018,1.000,70.00,342.76
4.2300,UKF,smooth,0.500,10.00,0.050,1,0.600,1,6.2930,6.8547,0.5617,1.2563,0.3532,0.1747,0.0214,6.0000,6.0290,5.8023,3.7373,48.8321,44.4744,-28.2996,46.2604,-28.1448,46.3914,-28.1745,45.0976,-28.0273,27.1423,-28.7737,1.7860,0.1548,1.9171,0.1251,0.6232,0.2723,41,0.0500,41,0,1.0000,0.0000,0.0000,5.1407,4.6964,-0.9380,1.2580,5.8666,0.0000,1,0.1023,0.0451,4.1782,-0.0018,1.000,70.00,342.76
4.2400,UKF,smooth,0.500,10.00,0.050,1,0.600,1,6.2741,6.8503,0.5762,1.2821,0.3532,0.1747,0.0214,6.0000,6.0290,6.8558,4.0308,49.2766,44.0977,-28.2947,46.2604,-28.1448,46.3914,-28.1745,44.7684,-27.9990,27.0852,-28.1494,2.1627,0.1499,2.2938,0.1202,0.6707,0.2957,41,0.0600,41,0,1.0000,0.0000,0.0000,4.9801,4.5071,-0.9426,1.2376,5.8710,0.0000,1,0.1023,0.0451,4.1782,-0.0018,1.000,70.00,342.76
4.2500,UKF,smooth,0.500,10.00,0.050,1,0.600,1,6.2575,6.8503,0.5929,1.3091,0.3532,0.1747,0.0213,6.0000,6.0290,7.9482,4.3501,49.7356,43.7152,-28.2785,46.2604,-28.1448,46.3914,-28.1745,44.4349,-27.9527,27.0328,-27.5503,2.5451,0.1337,2.6762,0.1040,0.7196,0.3258,41,0.0700,41,0,1.0000,0.0000,0.0000,4.8218,4.3187,-0.9428,1.2172,5.8752,0.0000,1,0.1023,0.0451,4.1782,-0.0018,1.000,70.00,342.76
4.2600,UKF,smooth,0.500,10.00,0.050,1,0.600,1,6.2432,6.8549,0.6118,1.3371,0.3532,0.1747,0.0213,6.0000,6.0290,9.0759,4.6948,50.2114,43.3275,-28.2514,46.2604,-28.1448,46.3914,-28.1745,44.0976,-27.8896,26.9844,-26.9763,2.9329,0.1066,3.0640,0.0768,0.7701,0.3618,41,0.0800,41,0,1.0000,0.0000,0.0000,4.6659,4.1314,-0.9389,1.1968,5.8794,0.0000,1,0.1023,0.0451,4.1782,-0.0018,1.000,70.00,342.76
4.2700,UKF,smooth,0.500,10.00,0.050,1,0.600,1,6.2311,6.8640,0.6329,1.3662,0.3532,0.1747,0.0212,6.0000,6.0290,10.2349,5.0642,50.7057,42.9348,-28.2136,46.2604,-28.1448,46.3914,-28.1745,43.7572,-27.8108,26.9393,-26.4274,3.3256,0.0688,3.4567,0.0390,0.8224,0.4028,41,0.0900,41,0,1.0000,0.0000,0.0000,4.5124,3.9452,-0.9313,1.1764,5.8835,0.0000,1,0.1023,0.0451,4.1782,-0.0018,1.000,70.00,342.76
4.2800,UKF,smooth,0.500,10.00,0.050,1,0.600,1,6.2214,6.8775,0.6561,1.3963,0.3532,0.1747,0.0212,6.0000,6.0290,11.4214,5.4573,51.2194,42.5375,-28.1655,46.2604,-28.1448,46.3914,-28.1745,43.4141,-27.7175,26.8969,-25.9034,3.7228,0.0207,3.8539,-0.0091,0.8766,0.4480,41,0.1000,41,0,1.0000,0.0000,0.0000,4.3614,3.7602,-0.9202,1.1560,5.8876,0.0000,1,0.1023,0.0451,4.1782,-0.0018,1.000,70.00,342.76
4.2900,UKF,smooth,0.500,10.00,0.050,1,0.600,1,6.2139,6.8955,0.6816,1.4273,0.3532,0.1747,0.0211,6.0000,6.0290,12.6316,5.8729,51.7536,42.1362,-28.1075,46.2604,-28.1448,46.3914,-28.1745,43.0690,-27.6109,26.8565,-25.4042,4.1242,-0.0373,4.2552,-0.0671,0.9328,0.4966,41,0.1100,41,0,1.0000,0.0000,0.0000,4.2128,3.5765,-0.9057,1.1356,5.8916,0.0000,1,0.1121,0.0410,4.1782,-0.0014,1.000,70.00,342.76
4.3000,UKF,smooth,0.500,10.00,0.050,1,0.600,1,6.2087,6.9179,0.7092,1.4594,0.3532,0.1747,0.0211,6.0000,6.0290,13.8618,6.3091,52.3085,41.7312,-28.0399,46.2604,-28.1448,46.3914,-28.1745,42.7224,-27.4922,26.8178,-24.9297,4.5292,-0.1049,4.6602,-0.1346,0.9912,0.5477,41,0.1200,41,0,1.0000,0.0000,0.0000,4.0667,3.3940,-0.8881,1.1152,5.8955,0.0000,1,0.1121,0.0410,4.1782,-0.0014,1.000,70.00,342.76
4.3100,UKF,smooth,0.500,10.00,0.050,1,0.600,1,6.2058,6.9447,0.7389,1.4923,0.3532,0.1747,0.0210,6.0000,6.0290,15.1084,6.7637,52.8841,41.3229,-27.9632,46.2604,-28.1448,46.3914,-28.1745,42.3748,-27.3625,26.7802,-24.4798,4.9374,-0.1816,5.0685,-0.2114,1.0518,0.6007,41,0.1300,41,0,1.0000,0.0000,0.0000,3.9231,3.2129,-0.8674,1.0948,5.8993,0.0000,1,0.1121,0.0410,4.1782,-0.0014,1.000,70.00,342.76
4.3200,UKF,smooth,0.500,10.00,0.050,1,0.600,1,6.2052,6.9759,0.7707,1.5262,0.3532,0.1747,0.0209,6.0000,6.0290,16.3680,7.2342,53.4800,40.9119,-27.8777,46.2604,-28.1448,46.3914,-28.1745,42.0267,-27.2232,26.7434,-24.0542,5.3485,-0.2671,5.4796,-0.2969,1.1149,0.6545,41,0.1400,41,0,1.0000,0.0000,0.0000,3.7820,3.0331,-0.8437,1.0744,5.9030,0.0000,1,0.1121,0.0410,4.1782,-0.0014,1.000,70.00,342.76
4.3300,UKF,smooth,0.500,10.00,0.050,1,0.600,1,6.2069,7.0115,0.8046,1.5609,0.3532,0.1747,0.0208,6.0000,6.0290,17.6370,7.7176,54.0954,40.4984,-27.7838,46.2604,-28.1448,46.3914,-28.1745,41.6787,-27.0755,26.7071,-23.6531,5.7620,-0.3610,5.8930,-0.3907,1.1803,0.7083,41,0.1500,41,0,1.0000,0.0000,0.0000,3.6435,2.8547,-0.8171,1.0540,5.9067,0.0000,1,0.1121,0.0410,4.1782,-0.0014,1.000,70.00,342.76
4.3400,UKF,smooth,0.500,10.00,0.050,1,0.600,1,6.2109,6.6131,0.4022,1.1671,0.3565,0.1757,0.0175,6.0000,5.0115,7.5573,7.2315,54.7286,40.0831,-27.6821,42.1362,-28.1075,42.1836,-28.3358,41.1436,-28.4169,23.7545,-27.3201,2.0531,-0.4254,2.1005,-0.6537,1.0604,-0.7348,42,0.0500,42,0,1.0000,0.0000,0.0000,3.5074,2.6778,-0.7876,1.0335,5.9103,0.0000,1,0.1121,0.0410,4.2886,-0.0014,1.000,70.00,342.76
4.3500,UKF,smooth,0.500,10.00,0.050,1,0.600,1,6.2172,6.6241,0.4070,1.1931,0.3565,0.1757,0.0175,6.0000,5.0115,9.0371,7.7253,55.2935,39.6666,-27.5729,42.1362,-28.1075,42.1836,-28.3358,40.7816,-28.3762,23.7001,-26.9534,2.4696,-0.5346,2.5170,-0.7629,1.1150,-0.8032,42,0.0600,42,0,1.0000,0.0000,0.0000,3.3739,2.5023,-0.7553,1.0131,5.9138,0.0000,1,0.1121,0.0410,4.2886,-0.0014,1.000,70.00,342.76
4.3600,UKF,smooth,0.500,10.00,0.050,1,0.600,1,6.2257,6.6395,0.4138,1.2204,0.3565,0.1757,0.0174,6.0000,5.0115,10.5274,8.2032,55.8816,39.2490,-27.4568,42.1362,-28.1075,42.1836,-28.3358,40.4181,-28.3239,23.6484,-26.6059,2.8872,-0.6507,2.9346,-0.8790,1.1691,-0.8671,42,0.0700,42,0,1.0000,0.0000,0.0000,3.2429,2.3284,-0.7199,0.9927,5.9173,0.0000,1,0.1121,0.0410,4.2886,-0.0014,1.000,70.00,342.76
4.3700,UKF,smooth,0.500,10.00,0.050,1,0.600,1,6.2365,6.6591,0.4226,1.2487,0.3565,0.1757,0.0174,6.0000,5.0115,12.0237,8.6674,56.4916,38.8308,-27.3343,42.1362,-28.1075,42.1836,-28.3358,40.0536,-28.2614,23.5991,-26.2786,3.3054,-0.7732,3.3528,-1.0015,1.2228,-0.9271,42,0.0800,42,0,1.0000,0.0000,0.0000,3.1145,2.1561,-0.6816,0.9723,5.9207,0.0000,1,0.1121,0.0410,4.2886,-0.0014,1.000,70.00,342.76
4.3800,UKF,smooth,0.500,10.00,0.050,1,0.600,1,6.2496,6.6830,0.4334,1.2782,0.3565,0.1757,0.0174,6.0000,5.0115,13.5215,9.1210,57.1218,38.4124,-27.2058,42.1362,-28.1075,42.1836,-28.3358,39.6888,-28.1899,23.5517,-25.9722,3.7238,-0.9016,3.7712,-1.1300,1.2764,-0.9840,42,0.0900,42,0,1.0000,0.0000,0.0000,2.9886,1.9854,-0.6402,0.9519,5.9240,0.0000,1,0.1121,0.0410,4.2886,-0.0014,1.000,70.00,342.76
4.3900,UKF,smooth,0.500,10.00,0.050,1,0.600,1,6.2650,6.7111,0.4462,1.3088,0.3565,0.1757,0.0173,6.0000,5.0115,15.0166,9.5676,57.7705,37.9941,-27.0721,42.1362,-28.1075,42.1836,-28.3358,39.3240,-28.1108,23.5058,-25.6879,4.1421,-1.0354,4.1895,-1.2638,1.3300,-1.0388,42,0.1000,42,0,1.0000,0.0000,0.0000,2.8653,1.8165,-0.5955,0.9315,5.9272,0.0000,1,0.1121,0.0410,4.2886,-0.0014,1.000,70.00,342.76
4.4000,UKF,smooth,0.500,10.00,0.050,1,0.600,1,6.2826,6.7435,0.4609,1.3405,0.3565,0.1757,0.0173,6.0000,5.0115,16.5047,10.0113,58.4352,37.5764,-26.9335,42.1362,-28.1075,42.1836,-28.3358,38.9600,-28.0258,23.4609,-25.4268,4.5598,-1.1740,4.6072,-1.4023,1.3836,-1.0923,42,0.1100,42,0,1.0000,0.0000,0.0000,2.7446,1.6495,-0.5473,0.9111,5.9304,0.0000,1,0.1121,0.0410,4.2886,-0.0014,1.000,70.00,342.76
4.4100,UKF,smooth,0.500,10.00,0.050,1,0.600,1,6.3025,6.7800,0.4775,1.3731,0.3565,0.1757,0.0172,6.0000,5.0115,17.9818,10.4568,59.1136,37.1596,-26.7908,42.1362,-28.1075,42.1836,-28.3358,38.5971,-27.9365,23.4167,-25.1904,4.9766,-1.3167,5.0239,-1.5450,1.4375,-1.1457,42,0.1200,42,0,1.0000,0.0000,0.0000,2.6267,1.4845,-0.4955,0.8907,5.9335,0.0000,1,0.0909,0.0508,4.2886,-0.0018,1.000,70.00,342.76
4.4200,UKF,smooth,0.500,10.00,0.050,1,0.600,1,6.3246,6.8206,0.4960,1.4067,0.3565,0.1757,0.0172,6.0000,5.0115,19.4439,10.9093,59.8029,36.7443,-26.6446,42.1362,-28.1075,42.1836,-28.3358,38.2360,-27.8447,23.3728,-24.9804,5.3919,-1.4628,5.4393,-1.6912,1.4917,-1.2001,42,0.1300,42,0,1.0000,0.0000,0.0000,2.5114,1.3217,-0.4396,0.8703,5.9365,0.0000,1,0.0909,0.0508,4.2886,-0.0018,1.000,70.00,342.76
4.4300,UKF,smooth,0.500,10.00,0.050,1,0.600,1,6.3490,6.8654,0.5165,1.4413,0.3565,0.1757,0.0171,6.0000,5.0115,20.8872,11.3751,60.5003,36.3306,-26.4957,42.1362,-28.1075,42.1836,-28.3358,37.8770,-27.7526,23.3288,-24.7990,5.8056,-1.6118,5.8530,-1.8401,1.5464,-1.2569,42,0.1400,42,0,1.0000,0.0000,0.0000,2.3990,1.1614,-0.3792,0.8500,5.9395,0.0000,1,0.0909,0.0508,4.2886,-0.0018,1.000,70.00,342.76
4.4400,UKF,smooth,0.500,10.00,0.050,1,0.600,1,6.3755,6.9142,0.5387,1.4768,0.3565,0.1757,0.0170,6.0000,5.0115,22.3078,11.8615,61.2027,35.9189,-26.3447,42.1362,-28.1075,42.1836,-28.3358,37.5207,-27.6626,23.2844,-24.6490,6.2173,-1.7628,6.2647,-1.9911,1.6018,-1.3179,42,0.1500,42,0,1.0000,0.0000,0.0000,2.2897,1.0038,-0.3137,0.8296,5.9424,0.0000,1,0.0909,0.0508,4.2886,-0.0018,1.000,70.00,342.76
4.4500,UKF,smooth,0.500,10.00,0.050,1,0.600,1,6.4044,6.9671,0.5627,1.5132,0.3565,0.1757,0.0169,6.0000,5.0115,23.7018,12.3776,61.9072,35.5096,-26.1925,42.1362,-28.1075,42.1836,-28.3358,37.1676,-27.5775,23.2391,-24.5344,6.6266,-1.9150,6.6740,-2.1433,1.6580,-1.3850,42,0.1600,42,0,1.0000,0.0000,0.0000,2.1835,0.8495,-0.2424,0.8092,5.9452,0.0000,1,0.0909,0.0508,4.2886,-0.0018,1.000,70.00,342.76
4.4600,UKF,smooth,0.500,10.00,0.050,1,0.600,1,6.4354,7.0239,0.5885,1.5505,0.3565,0.1757,0.0169,6.0000,5.0115,25.0654,12.9354,62.6104,35.1030,-26.0400,42.1362,-28.1075,42.1836,-28.3358,36.8182,-27.5010,23.1926,-24.4600,7.0332,-2.0674,7.0806,-2.2958,1.7152,-1.4609,42,0.1700,42,0,1.0000,0.0000,0.0000,2.0809,0.6991,-0.1642,0.7889,5.9479,0.0000,1,0.0909,0.0508,4.2886,-0.0018,1.000,70.00,342.76
4.4700,UKF,smooth,0.500,10.00,0.050,1,0.600,1,6.4685,6.5568,0.0883,1.1880,0.3602,0.1760,0.0130,6.0000,4.8825,9.2057,3.7768,63.3092,34.6994,-25.8884,37.1596,-26.7908,36.9798,-26.9989,35.3767,-25.8325,19.4315,-18.1303,2.4602,-0.9024,2.2804,-1.1106,0.6773,0.0559,43,0.0600,43,0,1.0000,0.0000,0.0000,1.9823,0.5536,-0.0779,0.7685,5.9506,0.0000,1,0.0909,0.0508,4.4082,-0.0018,1.000,70.00,342.76
4.4800,UKF,smooth,0.500,10.00,0.050,1,0.600,1,6.5039,6.5881,0.0843,1.2158,0.3602,0.1760,0.0129,6.0000,4.8825,10.1701,3.8233,63.7892,34.2992,-25.7387,37.1596,-26.7908,36.9798,-26.9989,34.9836,-25.6813,19.3678,-18.1624,2.8605,-1.0521,2.6806,-1.2602,0.6844,0.0574,43,0.0700,43,0,1.0000,0.0000,0.0000,1.8886,0.4145,0.0183,0.7482,5.9532,0.0000,1,0.0909,0.0508,4.4082,-0.0018,1.000,70.00,342.76
4.4900,UKF,smooth,0.500,10.00,0.050,1,0.600,1,6.5413,6.6232,0.0819,1.2447,0.3602,0.1760,0.0127,6.0000,4.8825,11.0809,3.8693,64.2452,33.9025,-25.5927,37.1596,-26.7908,36.9798,-26.9989,34.5949,-25.5442,19.3005,-18.2617,3.2572,-1.1981,3.0773,-1.4063,0.6924,0.0484,43,0.0800,43,0,1.0000,0.0000,0.0000,1.8009,0.2845,0.1268,0.7278,5.9557,0.0000,1,0.0909,0.0508,4.4082,-0.0018,1.000,70.00,342.76
4.5000,UKF,smooth,0.500,10.00,0.050,1,0.600,1,6.5807,6.6616,0.0809,1.2747,0.3602,0.1760,0.0126,6.0000,4.8825,11.9297,3.9200,64.6737,33.5097,-25.4520,37.1596,-26.7908,36.9798,-26.9989,34.2117,-25.4293,19.2262,-18.4466,3.6500,-1.3388,3.4701,-1.5469,0.7020,0.0227,43,0.0900,43,0,1.0000,0.0000,0.0000,1.7216,0.1679,0.2508,0.7075,5.9581,0.0000,1,0.0909,0.0508,4.4082,-0.0018,1.000,70.00,342.76
4.5100,UKF,smooth,0.500,10.00,0.050,1,0.600,1,6.6220,6.7025,0.0804,1.3057,0.3602,0.1760,0.0124,6.0000,4.8825,12.7064,3.9953,65.0701,33.1212,-25.3193,37.1596,-26.7908,36.9798,-26.9989,33.8353,-25.3474,19.1391,-18.7421,4.0385,-1.4716,3.8586,-1.6797,0.7141,-0.0281,43,0.1000,43,0,1.0000,0.0000,0.0000,1.6545,0.0724,0.3937,0.6872,5.9605,0.0000,1,0.1074,0.0512,4.4082,0.0005,1.000,70.00,342.76
4.5200,UKF,smooth,0.500,10.00,0.050,1,0.600,1,6.6649,6.7439,0.0789,1.3378,0.3602,0.1760,0.0123,6.0000,4.8825,13.3994,4.1501,65.4298,32.7373,-25.1973,37.1596,-26.7908,36.9798,-26.9989,33.4680,-25.3121,19.0296,-19.1738,4.4224,-1.5935,4.2425,-1.8016,0.7308,-0.1148,43,0.1100,43,0,1.0000,0.0000,0.0000,1.6064,0.0115,0.5564,0.6669,5.9628,0.0000,1,0.1074,0.0512,4.4082,0.0005,1.000,70.00,342.76
4.5300,UKF,smooth,0.500,10.00,0.050,1,0.600,1,6.7089,6.7824,0.0734,1.3709,0.3602,0.1760,0.0121,6.0000,4.8825,13.9995,4.4812,65.7478,32.3585,-25.0892,37.1596,-26.7908,36.9798,-26.9989,33.1130,-25.3323,18.8847,-19.7401,4.8011,-1.7017,4.6212,-1.9098,0.7545,-0.2432,43,0.1200,43,0,1.0000,0.0000,0.0000,1.5861,0.0033,0.7306,0.6466,5.9651,0.0000,1,0.1074,0.0512,4.4082,0.0005,1.000,70.00,342.76
4.5400,UKF,smooth,0.500,10.00,0.050,1,0.600,1,6.7533,6.8139,0.0606,1.4050,0.3602,0.1760,0.0119,6.0000,4.8825,14.5077,5.0488,66.0217,31.9854,-24.9961,37.1596,-26.7908,36.9798,-26.9989,32.7725,-25.3977,18.6971,-20.3708,5.1742,-1.7947,4.9943,-2.0028,0.7870,-0.4016,43,0.1300,43,0,1.0000,0.0000,0.0000,1.5978,0.0573,0.8928,0.6263,5.9672,0.0000,1,0.1074,0.0512,4.4082,0.0005,1.000,70.00,342.76
4.5500,UKF,smooth,0.500,10.00,0.050,1,0.600,1,6.7975,6.8371,0.0396,1.4401,0.3602,0.1760,0.0118,6.0000,4.8825,14.9369,5.7807,66.2533,31.6183,-24.9174,37.1596,-26.7908,36.9798,-26.9989,32.4457,-25.4819,18.4750,-20.9672,5.5414,-1.8734,5.3615,-2.0815,0.8274,-0.5645,43,0.1400,43,0,1.0000,0.0000,0.0000,1.6341,0.1604,1.0214,0.6061,5.9693,0.0000,1,0.1074,0.0512,4.4082,0.0005,1.000,70.00,342.76
4.5600,UKF,smooth,0.500,10.00,0.050,1,0.600,1,6.8409,6.8531,0.0121,1.4761,0.3602,0.1760,0.0116,6.0000,4.8825,15.3014,6.5639,66.4464,31.2569,-24.8510,37.1596,-26.7908,36.9798,-26.9989,32.1301,-25.5669,18.2324,-21.4847,5.9027,-1.9398,5.7228,-2.1480,0.8732,-0.7159,43,0.1500,43,0,1.0000,0.0000,0.0000,1.6837,0.2913,1.1135,0.5858,5.9713,0.0000,1,0.1074,0.0512,4.4082,0.0005,1.000,70.00,342.76
4.5700,UKF,smooth,0.500,10.00,0.050,1,0.600,1,6.8834,6.9855,0.1022,1.1415,0.3612,0.1756,0.0105,6.0000,5.2070,3.6499,2.9774,66.6047,30.9013,-24.7949,33.1212,-25.3193,32.9611,-25.4767,31.0719,-25.2565,16.4155,-22.2784,2.2199,-0.5243,2.0598,-0.6818,0.1706,-0.4616,44,0.0600,44,0,1.0000,0.0000,0.0000,1.7393,0.4359,1.1760,0.5656,5.9733,0.0000,1,0.1074,0.0512,4.5105,0.0005,1.000,70.00,342.76
4.5800,UKF,smooth,0.500,10.00,0.050,1,0.600,1,6.9247,7.0075,0.0828,1.1690,0.3612,0.1756,0.0103,6.0000,5.2070,3.8410,3.2627,66.5944,30.5512,-24.7476,33.1212,-25.3193,32.9611,-25.4767,30.7184,-25.2593,16.1366,-22.5877,2.5700,-0.5717,2.4099,-0.7292,0.1672,-0.5118,44,0.0700,44,0,1.0000,0.0000,0.0000,1.7970,0.5866,1.2164,0.5454,5.9752,0.0000,1,0.1074,0.0512,4.5105,0.0005,1.000,70.00,342.76
4.5900,UKF,smooth,0.500,10.00,0.050,1,0.600,1,6.9648,7.0264,0.0616,1.1976,0.3612,0.1756,0.0101,6.0000,5.2070,3.9900,3.5536,66.5491,30.2063,-24.7076,33.1212,-25.3193,32.9611,-25.4767,30.3727,-25.2693,15.8533,-22.8580,2.9149,-0.6116,2.7548,-0.7691,0.1664,-0.5617,44,0.0800,44,0,1.0000,0.0000,0.0000,1.8551,0.7398,1.2402,0.5252,5.9770,0.0000,1,0.1074,0.0512,4.5105,0.0005,1.000,70.00,342.76
4.6000,UKF,smooth,0.500,10.00,0.050,1,0.600,1,7.0037,7.0423,0.0387,1.2274,0.3612,0.1756,0.0099,6.0000,5.2070,4.1058,3.8461,66.4725,29.8663,-24.6741,33.1212,-25.3193,32.9611,-25.4767,30.0341,-25.2851,15.5669,-23.0979,3.2549,-0.6452,3.0948,-0.8027,0.1678,-0.6110,44,0.0900,44,0,1.0000,0.0000,0.0000,1.9127,0.8938,1.2516,0.5050,5.9787,0.0000,1,0.1074,0.0512,4.5105,0.0005,1.000,70.00,342.76
4.6100,UKF,smooth,0.500,10.00,0.050,1,0.600,1,7.0411,7.0552,0.0141,1.2581,0.3612,0.1756,0.0096,6.0000,5.2070,4.1959,4.1379,66.3684,29.5310,-24.6460,33.1212,-25.3193,32.9611,-25.4767,29.7023,-25.3056,15.2777,-23.3138,3.5902,-0.6732,3.4301,-0.8307,0.1714,-0.6595,44,0.1000,44,0,1.0000,0.0000,0.0000,1.9693,1.0475,1.2533,0.4848,5.9804,0.0000,1,0.1074,0.0512,4.5105,0.0005,1.000,70.00,342.76
4.6200,UKF,smooth,0.500,10.00,0.050,1,0.600,1,7.0773,7.0652,-0.0120,1.2899,0.3612,0.1756,0.0094,6.0000,5.2070,4.2668,4.4280,66.2399,29.2000,-24.6229,33.1212,-25.3193,32.9611,-25.4767,29.3770,-25.3302,14.9861,-23.5102,3.9211,-0.6964,3.7611,-0.8539,0.1769,-0.7073,44,0.1100,44,0,1.0000,0.0000,0.0000,2.0248,1.2004,1.2474,0.4646,5.9820,0.0000,1,0.0828,0.0428,4.5105,-0.0008,1.000,70.00,342.76
4.6300,UKF,smooth,0.500,10.00,0.050,1,0.600,1,7.1120,7.0723,-0.0397,1.3226,0.3612,0.1756,0.0092,6.0000,5.2070,4.3243,4.7157,66.0902,28.8733,-24.6039,33.1212,-25.3193,32.9611,-25.4767,29.0578,-25.3581,14.6920,-23.6908,4.2479,-0.7153,4.0878,-0.8728,0.1845,-0.7542,44,0.1200,44,0,1.0000,0.0000,0.0000,2.0789,1.3523,1.2352,0.4445,5.9835,0.0000,1,0.0828,0.0428,4.5105,-0.0008,1.000,70.00,342.76
4.6400,UKF,smooth,0.500,10.00,0.050,1,0.600,1,7.1453,7.0764,-0.0689,1.3563,0.3612,0.1756,0.0090,6.0000,5.2070,4.3731,5.0006,65.9217,28.5505,-24.5888,33.1212,-25.3193,32.9611,-25.4767,28.7444,-25.3891,14.3955,-23.8581,4.5707,-0.7305,4.4106,-0.8879,0.1939,-0.8003,44,0.1300,44,0,1.0000,0.0000,0.0000,2.1316,1.5030,1.2179,0.4244,5.9850,0.0000,1,0.0828,0.0428,4.5105,-0.0008,1.000,70.00,342.76
4.6500,UKF,smooth,0.500,10.00,0.050,1,0.600,1,7.1773,7.0777,-0.0996,1.3910,0.3612,0.1756,0.0088,6.0000,5.2070,4.4177,5.2827,65.7372,28.2314,-24.5770,33.1212,-25.3193,32.9611,-25.4767,28.4365,-25.4225,14.0965,-24.0144,4.8898,-0.7423,4.7297,-0.8997,0.2051,-0.8455,44,0.1400,44,0,1.0000,0.0000,0.0000,2.1830,1.6524,1.1965,0.4043,5.9864,0.0000,1,0.0828,0.0428,4.5105,-0.0008,1.000,70.00,342.76
4.6600,UKF,smooth,0.500,10.00,0.050,1,0.600,1,7.2079,7.0762,-0.1316,1.4265,0.3612,0.1756,0.0086,6.0000,5.2070,4.4614,5.5621,65.5390,27.9158,-24.5682,33.1212,-25.3193,32.9611,-25.4767,28.1339,-25.4581,13.7948,-24.1611,5.2054,-0.7511,5.0453,-0.9085,0.2181,-0.8899,44,0.1500,44,0,1.0000,0.0000,0.0000,2.2329,1.8005,1.1714,0.3842,5.9877,0.0000,1,0.0828,0.0428,4.5105,-0.0008,1.000,70.00,342.76
4.6700,UKF,smooth,0.500,10.00,0.050,1,0.600,1,7.2370,7.0565,-0.1805,1.1911,0.3636,0.1762,0.0059,6.0000,5.1297,2.0066,1.6506,65.3292,27.6035,-24.5621,29.2000,-24.6229,29.3060,-24.9329,27.8868,-24.6304,14.0039,-21.7329,1.5966,-0.0608,1.7026,-0.3708,0.2833,-0.0682,45,0.0500,45,0,1.0000,0.0000,0.0000,2.2815,1.9471,1.1433,0.3641,5.9889,0.0000,1,0.0828,0.0428,4.6192,-0.0008,1.000,70.00,342.76
4.6800,UKF,smooth,0.500,10.00,0.050,1,0.600,1,7.2648,7.0620,-0.2028,1.2199,0.3636,0.1762,0.0057,6.0000,5.1297,1.8895,1.6449,65.0874,27.2942,-24.5585,29.2000,-24.6229,29.3060,-24.9329,27.5833,-24.5964,13.7179,-21.7844,1.9058,-0.0644,2.0118,-0.3745,0.2891,-0.0379,45,0.0600,45,0,1.0000,0.0000,0.0000,2.3286,2.0924,1.1127,0.3441,5.9901,0.0000,1,0.0828,0.0428,4.6192,-0.0008,1.000,70.00,342.76
4.6900,UKF,smooth,0.500,10.00,0.050,1,0.600,1,7.2912,7.0647,-0.2265,1.2498,0.3636,0.1762,0.0055,6.0000,5.1297,1.7969,1.6746,64.8349,26.9879,-24.5570,29.2000,-24.6229,29.3060,-24.9329,27.2853,-24.5659,13.4298,-21.8291,2.2121,-0.0659,2.3181,-0.3759,0.2974,-0.0089,45,0.0700,45,0,1.0000,0.0000,0.0000,2.3744,2.2362,1.0798,0.3241,5.9912,0.0000,1,0.0828,0.0428,4.6192,-0.0008,1.000,70.00,342.76
4.7000,UKF,smooth,0.500,10.00,0.050,1,0.600,1,7.3161,7.0646,-0.2516,1.2807,0.3636,0.1762,0.0053,6.0000,5.1297,1.7412,1.7365,64.5740,26.6843,-24.5575,29.2000,-24.6229,29.3060,-24.9329,26.9924,-24.5384,13.1393,-21.8676,2.5157,-0.0654,2.6217,-0.3754,0.3081,0.0191,45,0.0800,45,0,1.0000,0.0000,0.0000,2.4188,2.3787,1.0450,0.3041,5.9923,0.0000,1,0.0828,0.0428,4.6192,-0.0008,1.000,70.00,342.76
4.7100,UKF,smooth,0.500,10.00,0.050,1,0.600,1,7.3397,7.0618,-0.2779,1.3126,0.3636,0.1762,0.0051,6.0000,5.1297,1.7329,1.8267,64.3064,26.3833,-24.5598,29.2000,-24.6229,29.3060,-24.9329,26.7044,-24.5134,12.8464,-21.9002,2.8167,-0.0631,2.9227,-0.3731,0.3211,0.0464,45,0.0900,45,0,1.0000,0.0000,0.0000,2.4619,2.5199,1.0086,0.2841,5.9933,0.0000,1,0.0998,0.0511,4.6192,-0.0005,1.000,70.00,342.76
4.7200,UKF,smooth,0.500,10.00,0.050,1,0.600,1,7.3620,7.0563,-0.3057,1.3454,0.3636,0.1762,0.0049,6.0000,5.1297,1.7782,1.9416,64.0340,26.0847,-24.5637,29.2000,-24.6229,29.3060,-24.9329,26.4212,-24.4906,12.5509,-21.9273,3.1153,-0.0591,3.2213,-0.3692,0.3365,0.0731,45,0.1000,45,0,1.0000,0.0000,0.0000,2.5037,2.6596,0.9707,0.2641,5.9942,0.0000,1,0.0998,0.0511,4.6192,-0.0005,1.000,70.00,342.76
4.7300,UKF,smooth,0.500,10.00,0.050,1,0.600,1,7.3829,7.0482,-0.3347,1.3792,0.3636,0.1762,0.0046,6.0000,5.1297,1.8770,2.0780,63.7584,25.7884,-24.5692,29.2000,-24.6229,29.3060,-24.9329,26.1425,-24.4696,12.2526,-21.9492,3.4117,-0.0537,3.5177,-0.3638,0.3542,0.0996,45,0.1100,45,0,1.0000,0.0000,0.0000,2.5442,2.7981,0.9315,0.2442,5.9950,0.0000,1,0.0998,0.0511,4.6192,-0.0005,1.000,70.00,342.76
4.7400,UKF,smooth,0.500,10.00,0.050,1,0.600,1,7.4024,7.0374,-0.3650,1.4139,0.3636,0.1762,0.0044,6.0000,5.1297,2.0242,2.2334,63.4813,25.4941,-24.5759,29.2000,-24.6229,29.3060,-24.9329,25.8682,-24.4501,11.9514,-21.9660,3.7059,-0.0470,3.8119,-0.3570,0.3740,0.1258,45,0.1200,45,0,1.0000,0.0000,0.0000,2.5834,2.9352,0.8912,0.2243,5.9958,0.0000,1,0.0998,0.0511,4.6192,-0.0005,1.000,70.00,342.76
4.7500,UKF,smooth,0.500,10.00,0.050,1,0.600,1,7.4205,7.0240,-0.3966,1.4494,0.3636,0.1762,0.0042,6.0000,5.1297,2.2115,2.4058,63.2040,25.2018,-24.5839,29.2000,-24.6229,29.3060,-24.9329,25.5980,-24.4319,11.6472,-21.9780,3.9982,-0.0390,4.1042,-0.3490,0.3962,0.1520,45,0.1300,45,0,1.0000,0.0000,0.0000,2.6214,3.0710,0.8500,0.2044,5.9965,0.0000,1,0.0998,0.0511,4.6192,-0.0005,1.000,70.00,342.76
4.7600,UKF,smooth,0.500,10.00,0.050,1,0.600,1,7.4374,7.0080,-0.4294,1.4858,0.3636,0.1762,0.0040,6.0000,5.1297,2.4302,2.5938,62.9280,24.9114,-24.5930,29.2000,-24.6229,29.3060,-24.9329,25.3319,-24.4147,11.3397,-21.9852,4.2887,-0.0299,4.3947,-0.3399,0.4205,0.1783,45,0.1400,45,0,1.0000,0.0000,0.0000,2.6582,3.2056,0.8079,0.1845,5.9972,0.0000,1,0.0998,0.0511,4.6192,-0.0005,1.000,70.00,342.76
4.7700,UKF,smooth,0.500,10.00,0.050,1,0.600,1,7.4529,7.0213,-0.4315,1.2390,0.3634,0.1767,0.0040,6.0000,4.9635,1.7357,3.1848,62.6543,24.6226,-24.6031,26.3833,-24.5598,26.7368,-24.5201,25.1315,-24.3694,11.4849,-22.2051,1.7607,0.0433,2.1142,0.0830,0.5089,0.2337,46,0.0600,46,0,1.0000,0.0000,0.0000,2.6937,3.3388,0.7651,0.1647,5.9977,0.0000,1,0.0998,0.0511,4.7095,-0.0005,1.000,70.00,342.76
4.7800,UKF,smooth,0.500,10.00,0.050,1,0.600,1,7.4671,7.0117,-0.4554,1.2686,0.3634,0.1767,0.0038,6.0000,4.9635,1.9328,3.3814,62.3937,24.3354,-24.6141,26.3833,-24.5598,26.7368,-24.5201,24.8648,-24.3465,11.1866,-22.2030,2.0479,0.0543,2.4014,0.0940,0.5294,0.2677,46,0.0700,46,0,1.0000,0.0000,0.0000,2.7281,3.4709,0.7217,0.1449,5.9983,0.0000,1,0.0998,0.0511,4.7095,-0.0005,1.000,70.00,342.76
4.7900,UKF,smooth,0.500,10.00,0.050,1,0.600,1,7.4800,6.9995,-0.4804,1.2991,0.3634,0.1767,0.0036,6.0000,4.9635,2.1707,3.5936,62.1359,24.0497,-24.6260,26.3833,-24.5598,26.7368,-24.5201,24.6022,-24.3248,10.8851,-22.1973,2.3336,0.0662,2.6872,0.1059,0.5526,0.3012,46,0.0800,46,0,1.0000,0.0000,0.0000,2.7613,3.6017,0.6778,0.1251,5.9987,0.0000,1,0.0998,0.0511,4.7095,-0.0005,1.000,70.00,342.76
4.8000,UKF,smooth,0.500,10.00,0.050,1,0.600,1,7.4915,6.9848,-0.5068,1.3306,0.3634,0.1767,0.0034,6.0000,4.9635,2.4374,3.8204,61.8822,23.7653,-24.6387,26.3833,-24.5598,26.7368,-24.5201,24.3435,-24.3043,10.5804,-22.1879,2.6181,0.0789,2.9716,0.1186,0.5783,0.3344,46,0.0900,46,0,1.0000,0.0000,0.0000,2.7933,3.7313,0.6334,0.1053,5.9991,0.0000,1,0.0998,0.0511,4.7095,-0.0005,1.000,70.00,342.76
4.8100,UKF,smooth,0.500,10.00,0.050,1,0.600,1,7.5018,6.9675,-0.5343,1.3630,0.3634,0.1767,0.0032,6.0000,4.9635,2.7240,4.0608,61.6337,23.4820,-24.6521,26.3833,-24.5598,26.7368,-24.5201,24.0886,-24.2846,10.2722,-22.1749,2.9013,0.0923,3.2548,0.1319,0.6065,0.3675,46,0.1000,46,0,1.0000,0.0000,0.0000,2.8242,3.8597,0.5886,0.0856,5.9994,0.0000,1,0.1159,0.0445,4.7095,-0.0013,1.000,70.00,342.76
4.8200,UKF,smooth,0.500,10.00,0.050,1,0.600,1,7.5109,6.9478,-0.5631,1.3963,0.3634,0.1767,0.0030,6.0000,4.9635,3.0240,4.3142,61.3913,23.1999,-24.6661,26.3833,-24.5598,26.7368,-24.5201,23.8373,-24.2657,9.9603,-22.1582,3.1834,0.1063,3.5369,0.1460,0.6373,0.4004,46,0.1100,46,0,1.0000,0.0000,0.0000,2.8540,3.9869,0.5435,0.0659,5.9996,0.0000,1,0.1159,0.0445,4.7095,-0.0013,1.000,70.00,342.76
4.8300,UKF,smooth,0.500,10.00,0.050,1,0.600,1,7.5186,6.9256,-0.5931,1.4306,0.3634,0.1767,0.0029,6.0000,4.9635,3.3330,4.5805,61.1560,22.9188,-24.6807,26.3833,-24.5598,26.7368,-24.5201,23.5895,-24.2473,9.6446,-22.1379,3.4645,0.1209,3.8180,0.1606,0.6707,0.4334,46,0.1200,46,0,1.0000,0.0000,0.0000,2.8826,4.1130,0.4981,0.0462,5.9998,0.0000,1,0.1159,0.0445,4.7095,-0.0013,1.000,70.00,342.76
4.8400,UKF,smooth,0.500,10.00,0.050,1,0.600,1,7.5251,6.9010,-0.6242,1.4657,0.3634,0.1767,0.0027,6.0000,4.9635,3.6475,4.8595,60.9288,22.6386,-24.6959,26.3833,-24.5598,26.7368,-24.5201,23.3452,-24.2293,9.3248,-22.1139,3.7447,0.1361,4.0982,0.1758,0.7066,0.4666,46,0.1300,46,0,1.0000,0.0000,0.0000,2.9102,4.2379,0.4526,0.0266,5.9999,0.0000,1,0.1159,0.0445,4.7095,-0.0013,1.000,70.00,342.76
4.8500,UKF,smooth,0.500,10.00,0.050,1,0.600,1,7.5304,6.8740,-0.6564,1.5017,0.3634,0.1767,0.0025,6.0000,4.9635,3.9650,5.1510,60.7104,22.3592,-24.7116,26.3833,-24.5598,26.7368,-24.5201,23.1042,-24.2117,9.0007,-22.0862,4.0241,0.1518,4.3776,0.1914,0.7450,0.4999,46,0.1400,46,0,1.0000,0.0000,0.0000,2.9367,4.3617,0.4069,0.0070,6.0000,0.0000,1,0.1159,0.0445,4.7095,-0.0013,1.000,70.00,342.76
