stamp,kind,label,estimator,maneuver,horizon_s,detect_hz,latency_s,jitter,meas_corr,sigma_accel,predict_on,steps,duration_s,est_px_rms,held_px_rms,track_px_rms,los_head_rms,los_att_rms,range_rms,range_bias,range_peak,size_rms,speed_rms,rejects,timeseries
20260816_122948,check,EKF_smooth_H0.50_hz10_c0.00,EKF,smooth,0.500,10.00,0.050,1,0.000,8.00,1,3000,30.000,3.7275,8.9457,44.3532,0.3773,0.5432,1.0016,-0.8012,2.6704,0.0499,0.8092,0,logs/20260816_122948_check_EKF_smooth_H0.50_hz10_c0.00.csv
20260816_122948,check,EKF_smooth_H0.50_hz10_c0.60,EKF,smooth,0.500,10.00,0.050,1,0.600,8.00,1,3000,30.000,3.5681,8.9834,44.3013,0.3217,0.5276,0.8737,0.1865,2.7920,0.0358,0.8632,0,logs/20260816_122948_check_EKF_smooth_H0.50_hz10_c0.60.csv
20260816_122948,check,UKF_smooth_H0.50_hz10_c0.00,UKF,smooth,0.500,10.00,0.050,1,0.000,8.00,1,3000,30.000,4.5641,9.1748,45.3008,0.6122,0.5830,0.8936,0.6098,3.0530,0.0303,1.0050,0,logs/20260816_122948_check_UKF_smooth_H0.50_hz10_c0.00.csv
20260816_122948,check,UKF_smooth_H0.50_hz10_c0.60,UKF,smooth,0.500,10.00,0.050,1,0.600,8.00,1,3000,30.000,4.5641,9.1748,45.3008,0.6122,0.5830,0.8936,0.6098,3.0530,0.0303,1.0050,0,logs/20260816_122948_check_UKF_smooth_H0.50_hz10_c0.60.csv
20260816_122948,check,EKF_jink_H0.50_hz10_c0.00,EKF,jink,0.500,10.00,0.050,1,0.000,8.00,1,3000,30.000,5.0527,13.8097,60.8027,0.5584,0.6485,2.7394,-2.6623,5.0205,0.1380,1.6199,0,logs/20260816_122948_check_EKF_jink_H0.50_hz10_c0.00.csv
20260816_122949,check,EKF_jink_H0.50_hz10_c0.60,EKF,jink,0.500,10.00,0.050,1,0.600,8.00,1,3000,30.000,4.8071,13.7691,60.6456,0.5116,0.6312,2.7371,-2.6631,4.8283,0.1382,1.6399,0,logs/20260816_122948_check_EKF_jink_H0.50_hz10_c0.60.csv
20260816_122949,check,UKF_jink_H0.50_hz10_c0.00,UKF,jink,0.500,10.00,0.050,1,0.000,8.00,1,3000,30.000,6.2590,14.1969,62.2119,0.9558,0.5301,1.2030,-0.7531,2.6866,0.0672,1.5969,0,logs/20260816_122949_check_UKF_jink_H0.50_hz10_c0.00.csv
20260816_122949,check,UKF_jink_H0.50_hz10_c0.60,UKF,jink,0.500,10.00,0.050,1,0.600,8.00,1,3000,30.000,6.2590,14.1969,62.2119,0.9558,0.5301,1.2030,-0.7531,2.6866,0.0672,1.5969,0,logs/20260816_122949_check_UKF_jink_H0.50_hz10_c0.60.csv
20260816_122949,check,CV-pixel_smooth_H0.50_hz10_c0.60,CV-pixel,smooth,0.500,10.00,0.050,1,0.600,8.00,1,3000,30.000,7.6255,9.6832,44.1826,0.7742,1.0294,0.0000,0.0000,0.0000,0.0000,0.0000,0,logs/20260816_122949_check_CV-pixel_smooth_H0.50_hz10_c0.60.csv
20260816_122949,check,EKF_smooth_H0.50_hz10_c0.60,EKF,smooth,0.500,10.00,0.050,1,0.600,8.00,1,3000,30.000,3.5681,8.9834,44.3013,0.3217,0.5276,0.8737,0.1865,2.7920,0.0358,0.8632,0,logs/20260816_122949_check_EKF_smooth_H0.50_hz10_c0.60.csv
20260816_122949,check,UKF_smooth_H0.50_hz10_c0.60,UKF,smooth,0.500,10.00,0.050,1,0.600,8.00,1,3000,30.000,4.5641,9.1748,45.3008,0.6122,0.5830,0.8936,0.6098,3.0530,0.0303,1.0050,0,logs/20260816_122949_check_UKF_smooth_H0.50_hz10_c0.60.csv
20260816_122949,check,IMM-EKF_smooth_H0.50_hz10_c0.60,IMM-EKF,smooth,0.500,10.00,0.050,1,0.600,8.00,1,3000,30.000,3.8170,8.9377,44.2954,0.3651,0.5589,0.8056,0.1432,2.7627,0.0331,0.7303,0,logs/20260816_122949_check_IMM-EKF_smooth_H0.50_hz10_c0.60.csv
20260816_122949,check,IMM-UKF_smooth_H0.50_hz10_c0.60,IMM-UKF,smooth,0.500,10.00,0.050,1,0.600,8.00,1,3000,30.000,5.1146,9.0347,44.9798,0.7289,0.6540,0.5975,-0.0481,2.4844,0.0288,0.8293,0,logs/20260816_122949_check_IMM-UKF_smooth_H0.50_hz10_c0.60.csv
20260816_122949,check,CV-pixel_jink_H0.50_hz10_c0.60,CV-pixel,jink,0.500,10.00,0.050,1,0.600,8.00,1,3000,30.000,8.9193,13.7403,58.3479,1.1171,0.9921,0.0000,0.0000,0.0000,0.0000,0.0000,0,logs/20260816_122949_check_CV-pixel_jink_H0.50_hz10_c0.60.csv
20260816_122949,check,EKF_jink_H0.50_hz10_c0.60,EKF,jink,0.500,10.00,0.050,1,0.600,8.00,1,3000,30.000,4.8071,13.7691,60.6456,0.5116,0.6312,2.7371,-2.6631,4.8283,0.1382,1.6399,0,logs/20260816_122949_check_EKF_jink_H0.50_hz10_c0.60.csv
20260816_122949,check,UKF_jink_H0.50_hz10_c0.60,UKF,jink,0.500,10.00,0.050,1,0.600,8.00,1,3000,30.000,6.2590,14.1969,62.2119,0.9558,0.5301,1.2030,-0.7531,2.6866,0.0672,1.5969,0,logs/20260816_122949_check_UKF_jink_H0.50_hz10_c0.60.csv
20260816_122949,check,IMM-EKF_jink_H0.50_hz10_c0.60,IMM-EKF,jink,0.500,10.00,0.050,1,0.600,8.00,1,3000,30.000,5.6424,13.9077,61.2088,0.6481,0.7040,2.8789,-2.8272,5.0079,0.1391,1.4168,0,logs/20260816_122949_check_IMM-EKF_jink_H0.50_hz10_c0.60.csv
20260816_122949,check,IMM-UKF_jink_H0.50_hz10_c0.60,IMM-UKF,jink,0.500,10.00,0.050,1,0.600,8.00,1,3000,30.000,7.0920,14.1989,62.4603,0.9970,0.7095,2.4911,-2.3683,5.0784,0.1280,1.3545,0,logs/20260816_122949_check_IMM-UKF_jink_H0.50_hz10_c0.60.csv
20260817_013532,live,EKF_smooth_H0.50,EKF,smooth,0.500,10.00,0.050,1,0.600,8.00,1,6939,69.390,4.2252,8.5552,45.8792,0.4461,0.5755,2.2412,1.9483,4.9365,0.1004,0.9705,0,logs/20260817_013422_live_EKF_smooth_H0.50.csv
20260817_070612,live,EKF_smooth_H0.50,EKF,bbox,smooth,0.500,10.00,0.050,1,0.600,8.00,1,10015,100.150,4.5884,8.8632,46.2376,0.5022,0.6136,1.9684,1.6456,4.7312,0.0887,0.9163,0,1,logs/20260817_070432_live_EKF_smooth_H0.50.csv
20260817_070614,live,EKF_smooth_H0.50,EKF,bbox,smooth,0.500,10.00,0.030,1,0.600,8.00,1,135,1.350,0.0000,0.0000,0.0000,0.0000,0.0000,0.0000,0.0000,0.0000,0.0000,0.0000,0,1,logs/20260817_070612_live_EKF_smooth_H0.50.csv
20260817_070615,live,EKF_smooth_H0.50,EKF,bbox,smooth,0.500,10.00,0.050,1,0.600,8.00,1,119,1.190,0.0000,0.0000,0.0000,0.0000,0.0000,0.0000,0.0000,0.0000,0.0000,0.0000,0,1,logs/20260817_070614_live_EKF_smooth_H0.50.csv
20260817_070616,live,EKF_smooth_H0.50,EKF,bbox,smooth,0.500,10.00,0.070,1,0.600,8.00,1,113,1.130,0.0000,0.0000,0.0000,0.0000,0.0000,0.0000,0.0000,0.0000,0.0000,0.0000,0,1,logs/20260817_070615_live_EKF_smooth_H0.50.csv
20260817_070728,live,EKF_smooth_H0.50,EKF,bbox,smooth,0.500,10.00,0.090,1,0.600,8.00,1,7201,72.010,6.6049,10.3757,49.3722,0.6971,0.8821,1.4945,1.1693,3.6597,0.0589,2.4826,0,1,logs/20260817_070616_live_EKF_smooth_H0.50.csv
20260817_072519,live,EKF_smooth_H0.50,EKF,bbox,smooth,0.500,10.00,0.050,1,0.600,8.00,1,11025,110.250,4.9551,8.9934,46.2137,0.5566,0.6531,2.5943,2.2228,6.2948,0.1179,1.0361,0,1,logs/20260817_072327_live_EKF_smooth_H0.50.csv
20260817_141936,live,EKF_smooth_H0.50,EKF,bbox,smooth,0.500,10.00,0.050,1,0.600,8.00,1,3725,37.250,92.5946,29.2037,86.6855,9.7191,1.9914,24.1874,8.2932,131.1122,0.1057,15.3194,0,1,logs/20260817_141856_live_EKF_smooth_H0.50.csv
20260817_141937,live,EKF_smooth_H0.50,EKF,bbox,smooth,0.500,10.00,0.050,1,0.600,8.00,1,138,1.380,3.7993,3.3893,19.7162,0.5220,0.3746,3.6027,-3.2569,6.0281,0.0130,2.6659,0,1,logs/20260817_141936_live_EKF_smooth_H0.50.csv
20260817_141940,live,EKF_smooth_H0.50,EKF,bbox,smooth,0.500,10.00,0.050,1,0.600,8.00,1,235,2.350,3.5655,4.7345,29.2187,0.4479,0.4042,3.1253,-1.0943,6.0281,0.0365,3.2186,0,1,logs/20260817_141937_live_EKF_smooth_H0.50.csv
20260817_141942,live,UKF_smooth_H0.50,UKF,bbox,smooth,0.500,10.00,0.050,1,0.600,8.00,1,250,2.500,5.2821,13.4892,49.5799,0.5981,0.6911,0.9385,0.4626,2.5010,0.0216,1.4307,0,1,logs/20260817_141940_live_UKF_smooth_H0.50.csv
20260817_141943,live,IMM-EKF_smooth_H0.50,IMM-EKF,bbox,smooth,0.500,10.00,0.050,1,0.600,8.00,1,51,0.510,10.0814,2.3227,58.7390,1.2594,1.2115,0.9618,-0.9395,1.3385,0.0059,3.3367,0,1,logs/20260817_141942_live_IMM-EKF_smooth_H0.50.csv
20260817_142056,live,IMM-UKF_smooth_H0.50,IMM-UKF,bbox,smooth,0.500,10.00,0.050,1,0.600,8.00,1,7258,72.580,18.3655,17.1620,54.0166,2.6716,1.6900,3.8179,2.4859,15.9886,0.1482,4.0196,0,1,logs/20260817_141943_live_IMM-UKF_smooth_H0.50.csv
20260817_142104,live,IMM-EKF_smooth_H0.50,IMM-EKF,bbox,smooth,0.500,10.00,0.050,1,0.600,8.00,1,789,7.890,9.8490,11.0836,64.4616,5.2406,1.4511,0.6504,-0.1922,2.2591,0.0247,1.4488,0,1,logs/20260817_142056_live_IMM-EKF_smooth_H0.50.csv
20260817_142151,live,IMM-UKF_smooth_H0.50,IMM-UKF,bbox,smooth,0.500,10.00,0.050,1,0.600,8.00,1,4646,46.460,6.1679,1.9768,8.0017,0.8951,0.6659,0.9132,0.4811,3.7072,0.0320,0.7163,0,1,logs/20260817_142104_live_IMM-UKF_smooth_H0.50.csv
20260817_142151,live,IMM-UKF_smooth_H0.50,IMM-UKF,bbox,smooth,0.500,10.00,0.050,1,0.600,8.00,1,31,0.310,2.9744,1.4687,0.7961,0.3277,0.2377,0.5147,0.5047,0.6940,0.0135,0.2494,0,1,logs/20260817_142151_live_IMM-UKF_smooth_H0.50.csv
20260817_142152,live,IMM-UKF_smooth_H0.50,IMM-UKF,bbox,smooth,0.500,10.00,0.050,1,0.600,8.00,1,41,0.410,6.1369,1.7229,1.0210,0.2607,0.5867,0.2682,0.1991,0.4422,0.0068,0.6332,0,1,logs/20260817_142151_live_IMM-UKF_smooth_H0.50.csv
20260817_142155,live,IMM-UKF_smooth_H0.50,IMM-UKF,bbox,smooth,0.500,10.00,0.050,1,0.600,8.00,1,298,2.980,7.6445,1.4686,1.1770,0.2102,0.6369,0.2382,-0.0656,0.4959,0.0043,0.4226,0,1,logs/20260817_142152_live_IMM-UKF_smooth_H0.50.csv
20260817_142155,live,IMM-UKF_smooth_H0.50,IMM-UKF,bbox,smooth,0.500,10.00,0.050,1,0.600,8.00,1,58,0.580,7.4059,1.3432,1.3234,0.3216,0.4777,0.0640,-0.0211,0.1602,0.0010,0.1779,0,1,logs/20260817_142155_live_IMM-UKF_smooth_H0.50.csv
20260817_142156,live,IMM-UKF_smooth_H0.50,IMM-UKF,bbox,smooth,0.500,10.00,0.050,1,0.600,8.00,1,29,0.290,11.9205,0.7523,1.6116,0.3995,0.7049,0.1188,0.1019,0.2531,0.0007,0.1248,0,1,logs/20260817_142155_live_IMM-UKF_smooth_H0.50.csv
20260817_142156,live,IMM-UKF_smooth_H0.50,IMM-UKF,bbox,smooth,0.500,10.00,0.050,1,0.600,8.00,1,24,0.240,9.0754,0.9930,1.6694,0.3592,0.4325,0.0661,0.0536,0.1285,0.0014,0.2989,0,1,logs/20260817_142156_live_IMM-UKF_smooth_H0.50.csv
20260817_142156,live,IMM-UKF_smooth_H0.50,IMM-UKF,bbox,smooth,0.500,10.00,0.050,1,0.600,8.00,1,25,0.250,6.8321,1.1145,1.8315,0.3218,0.2331,0.0877,0.0721,0.1389,0.0010,0.2652,0,1,logs/20260817_142156_live_IMM-UKF_smooth_H0.50.csv
20260817_142156,live,IMM-UKF_smooth_H0.50,IMM-UKF,bbox,smooth,0.500,10.00,0.050,1,0.600,8.00,1,28,0.280,16.3833,1.0681,2.1846,0.3626,0.7385,0.2368,0.2189,0.3449,0.0074,0.0914,0,1,logs/20260817_142156_live_IMM-UKF_smooth_H0.50.csv
20260817_142157,live,IMM-UKF_smooth_H0.50,IMM-UKF,bbox,smooth,0.500,10.00,0.050,1,0.600,8.00,1,28,0.280,13.6193,1.6274,2.2450,0.3339,0.5396,0.1772,0.1580,0.3414,0.0183,0.0778,0,1,logs/20260817_142156_live_IMM-UKF_smooth_H0.50.csv
20260817_142157,live,IMM-UKF_smooth_H0.50,IMM-UKF,bbox,smooth,0.500,10.00,0.050,1,0.600,8.00,1,42,0.420,8.5530,0.8554,2.4223,0.2757,0.2632,0.4618,0.4092,0.8625,0.0239,0.4727,0,1,logs/20260817_142157_live_IMM-UKF_smooth_H0.50.csv
20260817_142157,live,IMM-UKF_smooth_H0.50,IMM-UKF,bbox,smooth,0.500,10.00,0.050,1,0.600,8.00,1,27,0.270,13.6668,1.2002,2.7509,0.2629,0.4804,0.9842,0.9832,1.0533,0.0347,0.8249,0,1,logs/20260817_142157_live_IMM-UKF_smooth_H0.50.csv
20260817_142205,live,IMM-UKF_smooth_H0.50,IMM-UKF,bbox,smooth,0.500,10.00,0.050,1,0.600,8.00,1,733,7.330,27.0786,1.8087,2.6827,0.7602,0.7507,0.6099,0.2370,1.4985,0.0281,0.5712,0,1,logs/20260817_142157_live_IMM-UKF_smooth_H0.50.csv
20260817_142205,live,IMM-UKF_smooth_H0.50,IMM-UKF,bbox,smooth,0.500,10.00,0.050,1,0.600,8.00,1,47,0.470,15.1464,1.6277,2.5291,0.4778,0.4094,0.2950,-0.1865,0.4103,0.0084,1.1359,0,1,logs/20260817_142205_live_IMM-UKF_smooth_H0.50.csv
20260817_142210,live,IMM-UKF_smooth_H0.50,IMM-UKF,bbox,smooth,0.500,10.00,0.050,1,0.600,8.00,1,489,4.890,13.6315,1.3866,2.1567,0.2433,0.5301,0.4376,0.2304,1.0823,0.0126,3.3106,0,1,logs/20260817_142205_live_IMM-UKF_smooth_H0.50.csv
20260817_142210,live,IMM-UKF_smooth_H0.50,IMM-UKF,bbox,smooth,0.500,10.00,0.050,1,0.600,8.00,1,23,0.230,2.6305,1.0354,0.7219,0.0855,0.0597,0.4080,0.4011,0.4812,0.0212,5.5784,0,1,logs/20260817_142210_live_IMM-UKF_smooth_H0.50.csv
20260817_142304,live,IMM-UKF_smooth_H0.50,IMM-UKF,bbox,smooth,0.500,10.00,0.050,1,0.600,8.00,1,5314,53.140,18.5207,1.6540,2.4816,0.4371,0.5680,2.1350,-1.5448,8.1363,0.0663,1.4233,0,1,logs/20260817_142210_live_IMM-UKF_smooth_H0.50.csv
