scenario,name,estimator,family,meas,maneuver,detect_hz,latency_s,jitter,est_px_rms,held_px_rms,los_head_rms,los_att_rms,range_rms,range_bias,range_peak,size_rms,speed_rms,updates,rejects,steps,timeseries
s01,smooth_10hz_50ms,CV-pixel,CV,px,smooth,10.00,0.050,1,2.1752,1.6414,0.3190,0.2427,0.0000,0.0000,0.0000,0.0000,0.0000,200,0,2000,logs/auto_20260817_030358/runs/s01_CV-pixel.csv
s01,smooth_10hz_50ms,EKF,EKF,bbox,smooth,10.00,0.050,1,4.5882,1.6414,0.5037,0.6578,1.5011,1.2736,3.4288,0.0540,1.2238,200,0,2000,logs/auto_20260817_030358/runs/s01_EKF.csv
s01,smooth_10hz_50ms,UKF,UKF,bbox,smooth,10.00,0.050,1,5.1038,1.6414,0.7263,0.7013,1.3594,1.1809,3.5744,0.0439,1.1934,200,0,2000,logs/auto_20260817_030358/runs/s01_UKF.csv
s01,smooth_10hz_50ms,IMM-EKF,IMM-EKF,bbox,smooth,10.00,0.050,1,4.8065,1.6414,0.5014,0.7072,1.0239,0.8817,3.0349,0.0391,0.8987,200,0,2000,logs/auto_20260817_030358/runs/s01_IMM-EKF.csv
s01,smooth_10hz_50ms,IMM-UKF,IMM-UKF,bbox,smooth,10.00,0.050,1,5.6946,1.6414,0.9014,0.7728,0.7318,0.5380,2.6833,0.0347,0.7985,200,0,2000,logs/auto_20260817_030358/runs/s01_IMM-UKF.csv
s01,smooth_10hz_50ms,EKF-LOS,EKF,los,smooth,10.00,0.050,1,127.7010,1.6414,14.6233,6.3828,24.9308,16.3861,77.6407,0.0344,9.0971,200,12,2000,logs/auto_20260817_030358/runs/s01_EKF-LOS.csv
s01,smooth_10hz_50ms,UKF-LOS,UKF,los,smooth,10.00,0.050,1,90.1009,1.6414,16.3742,5.1199,30.7521,26.8024,63.0443,0.0344,12.5089,200,11,2000,logs/auto_20260817_030358/runs/s01_UKF-LOS.csv
s01,smooth_10hz_50ms,IMM-EKF-LOS,IMM-EKF,los,smooth,10.00,0.050,1,4.7528,1.6414,0.7428,0.6319,8.0705,5.1740,21.1478,0.0344,5.6038,200,0,2000,logs/auto_20260817_030358/runs/s01_IMM-EKF-LOS.csv
s01,smooth_10hz_50ms,IMM-UKF-LOS,IMM-UKF,los,smooth,10.00,0.050,1,8.7413,1.6414,1.9751,0.9497,9.4499,7.4885,20.8709,0.0344,5.2132,200,0,2000,logs/auto_20260817_030358/runs/s01_IMM-UKF-LOS.csv
s02,jink_10hz_50ms,CV-pixel,CV,px,jink,10.00,0.050,1,2.1768,1.6417,0.2996,0.2428,0.0000,0.0000,0.0000,0.0000,0.0000,200,0,2000,logs/auto_20260817_030358/runs/s02_CV-pixel.csv
s02,jink_10hz_50ms,EKF,EKF,bbox,jink,10.00,0.050,1,4.7199,1.6417,0.6246,0.5514,1.4330,1.3663,2.8390,0.0765,1.2884,200,0,2000,logs/auto_20260817_030358/runs/s02_EKF.csv
s02,jink_10hz_50ms,UKF,UKF,bbox,jink,10.00,0.050,1,6.1147,1.6417,0.9491,0.5580,0.7150,0.5829,2.7107,0.0379,1.4037,200,0,2000,logs/auto_20260817_030358/runs/s02_UKF.csv
s02,jink_10hz_50ms,IMM-EKF,IMM-EKF,bbox,jink,10.00,0.050,1,5.7809,1.6417,0.7245,0.7101,2.3362,2.2873,4.1733,0.1173,1.2409,200,0,2000,logs/auto_20260817_030358/runs/s02_IMM-EKF.csv
s02,jink_10hz_50ms,IMM-UKF,IMM-UKF,bbox,jink,10.00,0.050,1,7.3036,1.6417,1.0446,0.7756,2.3535,2.2569,4.7079,0.1209,1.2005,200,0,2000,logs/auto_20260817_030358/runs/s02_IMM-UKF.csv
s02,jink_10hz_50ms,EKF-LOS,EKF,los,jink,10.00,0.050,1,6.7116,1.6417,0.7984,0.8759,1.6050,1.1333,5.8491,0.0228,1.2256,200,0,2000,logs/auto_20260817_030358/runs/s02_EKF-LOS.csv
s02,jink_10hz_50ms,UKF-LOS,UKF,los,jink,10.00,0.050,1,11.2612,1.6417,1.9134,0.8601,11.3185,11.1199,19.4347,0.0228,7.1243,200,0,2000,logs/auto_20260817_030358/runs/s02_UKF-LOS.csv
s02,jink_10hz_50ms,IMM-EKF-LOS,IMM-EKF,los,jink,10.00,0.050,1,11.0644,1.6417,0.8996,1.6545,3.5376,3.3549,6.7561,0.0228,1.3999,200,0,2000,logs/auto_20260817_030358/runs/s02_IMM-EKF-LOS.csv
s02,jink_10hz_50ms,IMM-UKF-LOS,IMM-UKF,los,jink,10.00,0.050,1,10.0188,1.6417,1.6935,0.7196,0.9049,0.7201,2.8295,0.0228,0.9283,200,0,2000,logs/auto_20260817_030358/runs/s02_IMM-UKF-LOS.csv
s03,smooth_10hz_150ms,CV-pixel,CV,px,smooth,10.00,0.150,1,2.8029,1.6400,0.4048,0.3164,0.0000,0.0000,0.0000,0.0000,0.0000,199,0,2000,logs/auto_20260817_030358/runs/s03_CV-pixel.csv
s03,smooth_10hz_150ms,EKF,EKF,bbox,smooth,10.00,0.150,1,11.0240,1.6400,1.5021,1.5790,1.5884,1.3258,4.4449,0.0537,1.2294,199,0,2000,logs/auto_20260817_030358/runs/s03_EKF.csv
s03,smooth_10hz_150ms,UKF,UKF,bbox,smooth,10.00,0.150,1,12.1719,1.6400,2.0578,1.6084,1.4846,1.2577,4.8527,0.0439,1.1971,199,0,2000,logs/auto_20260817_030358/runs/s03_UKF.csv
s03,smooth_10hz_150ms,IMM-EKF,IMM-EKF,bbox,smooth,10.00,0.150,1,11.9611,1.6400,1.6634,1.7174,1.1287,0.9379,4.3269,0.0390,0.9072,199,0,2000,logs/auto_20260817_030358/runs/s03_IMM-EKF.csv
s03,smooth_10hz_150ms,IMM-UKF,IMM-UKF,bbox,smooth,10.00,0.150,1,13.9644,1.6400,2.4567,1.8009,0.9094,0.6553,3.8693,0.0348,0.8033,199,0,2000,logs/auto_20260817_030358/runs/s03_IMM-UKF.csv
s03,smooth_10hz_150ms,EKF-LOS,EKF,los,smooth,10.00,0.150,1,186.0913,1.6400,16.6624,6.7583,25.7492,16.8301,79.5180,0.0344,9.0988,199,12,2000,logs/auto_20260817_030358/runs/s03_EKF-LOS.csv
s03,smooth_10hz_150ms,UKF-LOS,UKF,los,smooth,10.00,0.150,1,120.2103,1.6400,18.5221,6.2710,31.6546,27.4558,65.4034,0.0344,12.5073,199,11,2000,logs/auto_20260817_030358/runs/s03_UKF-LOS.csv
s03,smooth_10hz_150ms,IMM-EKF-LOS,IMM-EKF,los,smooth,10.00,0.150,1,11.5708,1.6400,1.7443,1.6163,8.5006,5.4141,22.5929,0.0344,5.6071,199,0,2000,logs/auto_20260817_030358/runs/s03_IMM-EKF-LOS.csv
s03,smooth_10hz_150ms,IMM-UKF-LOS,IMM-UKF,los,smooth,10.00,0.150,1,16.2504,1.6400,3.1817,2.0057,9.8626,7.7486,21.7462,0.0344,5.2147,199,0,2000,logs/auto_20260817_030358/runs/s03_IMM-UKF-LOS.csv
s04,jink_10hz_150ms,CV-pixel,CV,px,jink,10.00,0.150,1,2.8067,1.6413,0.3833,0.3167,0.0000,0.0000,0.0000,0.0000,0.0000,199,0,2000,logs/auto_20260817_030358/runs/s04_CV-pixel.csv
s04,jink_10hz_150ms,EKF,EKF,bbox,jink,10.00,0.150,1,13.9470,1.6413,1.5547,1.8517,1.4619,1.3501,3.5169,0.0763,1.2902,199,0,2000,logs/auto_20260817_030358/runs/s04_EKF.csv
s04,jink_10hz_150ms,UKF,UKF,bbox,jink,10.00,0.150,1,14.6105,1.6413,2.0505,1.5789,0.8805,0.7118,3.0547,0.0377,1.4010,199,0,2000,logs/auto_20260817_030358/runs/s04_UKF.csv
s04,jink_10hz_150ms,IMM-EKF,IMM-EKF,bbox,jink,10.00,0.150,1,17.4678,1.6413,1.8353,2.3890,2.3632,2.2598,4.7213,0.1172,1.2509,199,0,2000,logs/auto_20260817_030358/runs/s04_IMM-EKF.csv
s04,jink_10hz_150ms,IMM-UKF,IMM-UKF,bbox,jink,10.00,0.150,1,19.3036,1.6413,2.3546,2.4079,2.3940,2.2349,5.2815,0.1206,1.1995,199,0,2000,logs/auto_20260817_030358/runs/s04_IMM-UKF.csv
s04,jink_10hz_150ms,EKF-LOS,EKF,los,jink,10.00,0.150,1,18.3108,1.6413,1.8566,2.5284,1.7076,1.2029,6.6863,0.0228,1.2337,199,0,2000,logs/auto_20260817_030358/runs/s04_EKF-LOS.csv
s04,jink_10hz_150ms,UKF-LOS,UKF,los,jink,10.00,0.150,1,21.4121,1.6413,3.5736,1.6850,11.8352,11.6016,20.5678,0.0228,7.1294,199,0,2000,logs/auto_20260817_030358/runs/s04_UKF-LOS.csv
s04,jink_10hz_150ms,IMM-EKF-LOS,IMM-EKF,los,jink,10.00,0.150,1,31.8377,1.6413,2.2867,4.7763,3.5718,3.3549,7.4828,0.0228,1.4055,199,0,2000,logs/auto_20260817_030358/runs/s04_IMM-EKF-LOS.csv
s04,jink_10hz_150ms,IMM-UKF-LOS,IMM-UKF,los,jink,10.00,0.150,1,20.1940,1.6413,3.1573,1.8174,1.0807,0.8614,4.0581,0.0228,0.9374,199,0,2000,logs/auto_20260817_030358/runs/s04_IMM-UKF-LOS.csv
s05,smooth_20hz_50ms,CV-pixel,CV,px,smooth,20.00,0.050,1,2.4993,1.6923,0.3482,0.2871,0.0000,0.0000,0.0000,0.0000,0.0000,400,0,2000,logs/auto_20260817_030358/runs/s05_CV-pixel.csv
s05,smooth_20hz_50ms,EKF,EKF,bbox,smooth,20.00,0.050,1,3.3089,1.6923,0.4464,0.4104,1.5671,1.4016,3.5485,0.0636,0.9902,400,0,2000,logs/auto_20260817_030358/runs/s05_EKF.csv
s05,smooth_20hz_50ms,UKF,UKF,bbox,smooth,20.00,0.050,1,3.8321,1.6923,0.5650,0.4944,2.0008,1.5744,4.9414,0.0983,1.1327,400,0,2000,logs/auto_20260817_030358/runs/s05_UKF.csv
s05,smooth_20hz_50ms,IMM-EKF,IMM-EKF,bbox,smooth,20.00,0.050,1,3.1493,1.6923,0.4287,0.3988,0.7129,0.5113,2.2002,0.0398,0.6494,400,0,2000,logs/auto_20260817_030358/runs/s05_IMM-EKF.csv
s05,smooth_20hz_50ms,IMM-UKF,IMM-UKF,bbox,smooth,20.00,0.050,1,4.2961,1.6923,0.6466,0.5739,2.5883,2.1475,6.6131,0.1219,1.2447,400,0,2000,logs/auto_20260817_030358/runs/s05_IMM-UKF.csv
s05,smooth_20hz_50ms,EKF-LOS,EKF,los,smooth,20.00,0.050,1,3.2287,1.6923,0.4188,0.4154,11.7609,10.8234,28.0929,0.0344,4.5807,400,0,2000,logs/auto_20260817_030358/runs/s05_EKF-LOS.csv
s05,smooth_20hz_50ms,UKF-LOS,UKF,los,smooth,20.00,0.050,1,4.5213,1.6923,0.5685,0.6290,15.6028,14.5514,30.8167,0.0344,5.2731,400,0,2000,logs/auto_20260817_030358/runs/s05_UKF-LOS.csv
s05,smooth_20hz_50ms,IMM-EKF-LOS,IMM-EKF,los,smooth,20.00,0.050,1,2.9993,1.6923,0.3931,0.3757,2.6225,2.0313,7.5553,0.0344,1.2377,400,0,2000,logs/auto_20260817_030358/runs/s05_IMM-EKF-LOS.csv
s05,smooth_20hz_50ms,IMM-UKF-LOS,IMM-UKF,los,smooth,20.00,0.050,1,3.9495,1.6923,0.7063,0.4764,4.0987,3.4052,11.4263,0.0344,2.0788,400,0,2000,logs/auto_20260817_030358/runs/s05_IMM-UKF-LOS.csv
s06,jink_4hz_50ms,CV-pixel,CV,px,jink,4.00,0.050,1,2.0337,1.6827,0.2922,0.2132,0.0000,0.0000,0.0000,0.0000,0.0000,80,0,2000,logs/auto_20260817_030358/runs/s06_CV-pixel.csv
s06,jink_4hz_50ms,EKF,EKF,bbox,jink,4.00,0.050,1,17.3414,1.6827,1.9035,2.3121,1.2112,1.0466,2.9140,0.0611,2.0145,80,0,2000,logs/auto_20260817_030358/runs/s06_EKF.csv
s06,jink_4hz_50ms,UKF,UKF,bbox,jink,4.00,0.050,1,47.3651,1.6827,5.9501,5.2736,7.7122,7.4592,14.0351,0.2567,4.6352,80,0,2000,logs/auto_20260817_030358/runs/s06_UKF.csv
s06,jink_4hz_50ms,IMM-EKF,IMM-EKF,bbox,jink,4.00,0.050,1,23.0040,1.6827,2.6331,2.9810,1.9117,1.8044,3.9100,0.0960,1.5208,80,0,2000,logs/auto_20260817_030358/runs/s06_IMM-EKF.csv
s06,jink_4hz_50ms,IMM-UKF,IMM-UKF,bbox,jink,4.00,0.050,1,36.5311,1.6827,5.0066,3.9359,1.3549,1.0290,3.8964,0.0427,1.2982,80,0,2000,logs/auto_20260817_030358/runs/s06_IMM-UKF.csv
s06,jink_4hz_50ms,EKF-LOS,EKF,los,jink,4.00,0.050,1,1235.7013,1.6827,36.2808,5.8514,5.4257,3.7849,15.8812,0.0228,4.4356,80,0,2000,logs/auto_20260817_030358/runs/s06_EKF-LOS.csv
s06,jink_4hz_50ms,UKF-LOS,UKF,los,jink,4.00,0.050,1,90.0340,1.6827,14.7038,3.9534,24.1704,21.9150,53.6126,0.0228,13.1256,80,0,2000,logs/auto_20260817_030358/runs/s06_UKF-LOS.csv
s06,jink_4hz_50ms,IMM-EKF-LOS,IMM-EKF,los,jink,4.00,0.050,1,744.3893,1.6827,29.3484,5.2765,6.2750,4.1771,18.9956,0.0228,5.1993,80,0,2000,logs/auto_20260817_030358/runs/s06_IMM-EKF-LOS.csv
s06,jink_4hz_50ms,IMM-UKF-LOS,IMM-UKF,los,jink,4.00,0.050,1,67.8105,1.6827,11.5192,3.4453,76.2832,65.1274,189.1261,0.0228,45.6182,80,0,2000,logs/auto_20260817_030358/runs/s06_IMM-UKF-LOS.csv
s07,smooth_10hz_nojitter,CV-pixel,CV,px,smooth,10.00,0.050,0,0.0469,0.0426,0.0108,0.0033,0.0000,0.0000,0.0000,0.0000,0.0000,200,0,2000,logs/auto_20260817_030358/runs/s07_CV-pixel.csv
s07,smooth_10hz_nojitter,EKF,EKF,bbox,smooth,10.00,0.050,0,3.8231,0.0426,0.3742,0.5962,0.7519,0.6100,2.0431,0.0386,0.8147,200,0,2000,logs/auto_20260817_030358/runs/s07_EKF.csv
s07,smooth_10hz_nojitter,UKF,UKF,bbox,smooth,10.00,0.050,0,4.5876,0.0426,0.6999,0.6403,1.0966,0.9467,3.4349,0.0379,1.0563,200,0,2000,logs/auto_20260817_030358/runs/s07_UKF.csv
s07,smooth_10hz_nojitter,IMM-EKF,IMM-EKF,bbox,smooth,10.00,0.050,0,4.0953,0.0426,0.4227,0.6329,0.6689,0.5379,2.3711,0.0321,0.6829,200,0,2000,logs/auto_20260817_030358/runs/s07_IMM-EKF.csv
s07,smooth_10hz_nojitter,IMM-UKF,IMM-UKF,bbox,smooth,10.00,0.050,0,5.2675,0.0426,0.8663,0.7269,0.6763,0.5020,2.6463,0.0341,0.7603,200,0,2000,logs/auto_20260817_030358/runs/s07_IMM-UKF.csv
s07,smooth_10hz_nojitter,EKF-LOS,EKF,los,smooth,10.00,0.050,0,2351.6542,0.0426,33.8509,10.3837,24.9067,14.2043,80.5943,0.0344,13.0337,200,10,2000,logs/auto_20260817_030358/runs/s07_EKF-LOS.csv
s07,smooth_10hz_nojitter,UKF-LOS,UKF,los,smooth,10.00,0.050,0,23.2671,0.0426,2.6384,3.2738,27.5364,24.6552,54.8964,0.0344,9.9635,200,4,2000,logs/auto_20260817_030358/runs/s07_UKF-LOS.csv
s07,smooth_10hz_nojitter,IMM-EKF-LOS,IMM-EKF,los,smooth,10.00,0.050,0,4.2152,0.0426,0.4676,0.6416,3.4943,2.4986,10.0433,0.0344,1.8254,200,0,2000,logs/auto_20260817_030358/runs/s07_IMM-EKF-LOS.csv
s07,smooth_10hz_nojitter,IMM-UKF-LOS,IMM-UKF,los,smooth,10.00,0.050,0,8.1807,0.0426,1.8038,0.9389,13.6117,11.0454,31.6429,0.0344,6.5225,200,0,2000,logs/auto_20260817_030358/runs/s07_IMM-UKF-LOS.csv
s08,jink_10hz_nojitter,CV-pixel,CV,px,jink,10.00,0.050,0,0.0445,0.0385,0.0078,0.0019,0.0000,0.0000,0.0000,0.0000,0.0000,200,0,2000,logs/auto_20260817_030358/runs/s08_CV-pixel.csv
s08,jink_10hz_nojitter,EKF,EKF,bbox,jink,10.00,0.050,0,4.8026,0.0385,0.4902,0.6684,2.8262,2.7554,4.8600,0.1414,1.5836,200,0,2000,logs/auto_20260817_030358/runs/s08_EKF.csv
s08,jink_10hz_nojitter,UKF,UKF,bbox,jink,10.00,0.050,0,6.0005,0.0385,0.9466,0.5258,1.0035,0.8591,2.6237,0.0573,1.4365,200,0,2000,logs/auto_20260817_030358/runs/s08_UKF.csv
s08,jink_10hz_nojitter,IMM-EKF,IMM-EKF,bbox,jink,10.00,0.050,0,5.7455,0.0385,0.6376,0.7672,2.9048,2.8517,5.0255,0.1431,1.4578,200,0,2000,logs/auto_20260817_030358/runs/s08_IMM-EKF.csv
s08,jink_10hz_nojitter,IMM-UKF,IMM-UKF,bbox,jink,10.00,0.050,0,7.1688,0.0385,1.0260,0.7619,2.5942,2.4959,5.1178,0.1310,1.2960,200,0,2000,logs/auto_20260817_030358/runs/s08_IMM-UKF.csv
s08,jink_10hz_nojitter,EKF-LOS,EKF,los,jink,10.00,0.050,0,368.1916,0.0385,19.7534,6.2334,6.8861,5.1438,25.6608,0.0228,7.9824,200,0,2000,logs/auto_20260817_030358/runs/s08_EKF-LOS.csv
s08,jink_10hz_nojitter,UKF-LOS,UKF,los,jink,10.00,0.050,0,10.6927,0.0385,1.7772,0.8608,11.3996,11.1682,18.5939,0.0228,7.0927,200,0,2000,logs/auto_20260817_030358/runs/s08_UKF-LOS.csv
s08,jink_10hz_nojitter,IMM-EKF-LOS,IMM-EKF,los,jink,10.00,0.050,0,110.2524,0.0385,4.8266,9.1247,3.8958,3.7325,7.0107,0.0228,3.8448,200,0,2000,logs/auto_20260817_030358/runs/s08_IMM-EKF-LOS.csv
s08,jink_10hz_nojitter,IMM-UKF-LOS,IMM-UKF,los,jink,10.00,0.050,0,10.2107,0.0385,1.7548,0.7128,1.1029,0.8496,2.6346,0.0228,0.9410,200,0,2000,logs/auto_20260817_030358/runs/s08_IMM-UKF-LOS.csv
s09,far_smooth,CV-pixel,CV,px,smooth,10.00,0.050,1,2.0696,1.5758,0.2785,0.2463,0.0000,0.0000,0.0000,0.0000,0.0000,200,0,2000,logs/auto_20260817_030358/runs/s09_CV-pixel.csv
s09,far_smooth,EKF,EKF,bbox,smooth,10.00,0.050,1,4.2659,1.5758,0.5032,0.5994,2.0185,1.4630,6.9712,0.0498,1.3837,200,0,2000,logs/auto_20260817_030358/runs/s09_EKF.csv
s09,far_smooth,UKF,UKF,bbox,smooth,10.00,0.050,1,5.3761,1.5758,0.8205,0.6909,2.0965,1.6885,6.0864,0.0513,1.4782,200,0,2000,logs/auto_20260817_030358/runs/s09_UKF.csv
s09,far_smooth,IMM-EKF,IMM-EKF,bbox,smooth,10.00,0.050,1,4.2028,1.5758,0.5098,0.5928,1.6753,0.9584,6.7343,0.0347,0.9029,200,0,2000,logs/auto_20260817_030358/runs/s09_IMM-EKF.csv
s09,far_smooth,IMM-UKF,IMM-UKF,bbox,smooth,10.00,0.050,1,5.4985,1.5758,0.7169,0.7615,1.1579,0.9133,3.5453,0.0514,0.9961,200,0,2000,logs/auto_20260817_030358/runs/s09_IMM-UKF.csv
s09,far_smooth,EKF-LOS,EKF,los,smooth,10.00,0.050,1,71.6094,1.5758,10.1652,6.9597,24.7388,14.7503,86.6406,0.0339,14.2942,200,8,2000,logs/auto_20260817_030358/runs/s09_EKF-LOS.csv
s09,far_smooth,UKF-LOS,UKF,los,smooth,10.00,0.050,1,8.0976,1.5758,1.2634,1.0777,17.5862,16.5183,32.3697,0.0339,7.4235,200,0,2000,logs/auto_20260817_030358/runs/s09_UKF-LOS.csv
s09,far_smooth,IMM-EKF-LOS,IMM-EKF,los,smooth,10.00,0.050,1,4.4685,1.5758,0.6352,0.6017,3.8919,2.6158,11.0764,0.0339,3.6300,200,0,2000,logs/auto_20260817_030358/runs/s09_IMM-EKF-LOS.csv
s09,far_smooth,IMM-UKF-LOS,IMM-UKF,los,smooth,10.00,0.050,1,9.2548,1.5758,1.8983,1.0541,6.8474,5.8198,14.6986,0.0339,4.3312,200,0,2000,logs/auto_20260817_030358/runs/s09_IMM-UKF-LOS.csv
s10,close_jink,CV-pixel,CV,px,jink,10.00,0.050,1,2.1361,1.6271,0.2747,0.2573,0.0000,0.0000,0.0000,0.0000,0.0000,200,0,2000,logs/auto_20260817_030358/runs/s10_CV-pixel.csv
s10,close_jink,EKF,EKF,bbox,jink,10.00,0.050,1,5.2045,1.6271,0.7666,0.5242,0.6455,0.5577,1.5230,0.0349,1.0182,200,0,2000,logs/auto_20260817_030358/runs/s10_EKF.csv
s10,close_jink,UKF,UKF,bbox,jink,10.00,0.050,1,6.6054,1.6271,1.0860,0.5100,0.7016,0.5410,1.9391,0.0306,1.0559,200,0,2000,logs/auto_20260817_030358/runs/s10_UKF.csv
s10,close_jink,IMM-EKF,IMM-EKF,bbox,jink,10.00,0.050,1,5.7148,1.6271,0.8089,0.6144,1.5457,1.4633,2.6665,0.0814,0.6903,200,0,2000,logs/auto_20260817_030358/runs/s10_IMM-EKF.csv
s10,close_jink,IMM-UKF,IMM-UKF,bbox,jink,10.00,0.050,1,7.2688,1.6271,1.0991,0.7035,1.8892,1.8074,3.1525,0.1024,0.7985,200,0,2000,logs/auto_20260817_030358/runs/s10_IMM-UKF.csv
s10,close_jink,EKF-LOS,EKF,los,jink,10.00,0.050,1,210.0394,1.6271,14.7324,1.5387,18.3599,9.4217,57.4831,0.0229,11.5408,200,10,2000,logs/auto_20260817_030358/runs/s10_EKF-LOS.csv
s10,close_jink,UKF-LOS,UKF,los,jink,10.00,0.050,1,50.1736,1.6271,7.4045,1.0005,17.5649,15.3623,46.5766,0.0229,9.9666,200,5,2000,logs/auto_20260817_030358/runs/s10_UKF-LOS.csv
s10,close_jink,IMM-EKF-LOS,IMM-EKF,los,jink,10.00,0.050,1,8.1056,1.6271,1.0598,0.9573,3.7136,3.3431,11.0688,0.0229,1.6942,200,0,2000,logs/auto_20260817_030358/runs/s10_IMM-EKF-LOS.csv
s10,close_jink,IMM-UKF-LOS,IMM-UKF,los,jink,10.00,0.050,1,10.2296,1.6271,1.7655,0.6330,4.0529,2.1662,14.8863,0.0229,2.2981,200,0,2000,logs/auto_20260817_030358/runs/s10_IMM-UKF-LOS.csv
s11,seed2_smooth,CV-pixel,CV,px,smooth,10.00,0.050,1,2.1858,1.6646,0.2879,0.2579,0.0000,0.0000,0.0000,0.0000,0.0000,200,0,2000,logs/auto_20260817_030358/runs/s11_CV-pixel.csv
s11,seed2_smooth,EKF,EKF,bbox,smooth,10.00,0.050,1,4.0341,1.6646,0.5279,0.4845,0.9110,0.7966,2.4973,0.0390,0.7682,200,0,2000,logs/auto_20260817_030358/runs/s11_EKF.csv
s11,seed2_smooth,UKF,UKF,bbox,smooth,10.00,0.050,1,4.6143,1.6646,0.6938,0.4744,1.5917,1.4816,3.3536,0.0640,0.8684,200,0,2000,logs/auto_20260817_030358/runs/s11_UKF.csv
s11,seed2_smooth,IMM-EKF,IMM-EKF,bbox,smooth,10.00,0.050,1,3.8096,1.6646,0.5081,0.4491,1.0007,0.8918,2.8269,0.0438,0.5816,200,0,2000,logs/auto_20260817_030358/runs/s11_IMM-EKF.csv
s11,seed2_smooth,IMM-UKF,IMM-UKF,bbox,smooth,10.00,0.050,1,4.7595,1.6646,0.7319,0.4703,0.8018,0.6548,2.4703,0.0359,0.4256,200,0,2000,logs/auto_20260817_030358/runs/s11_IMM-UKF.csv
s11,seed2_smooth,EKF-LOS,EKF,los,smooth,10.00,0.050,1,212.7219,1.6646,28.1332,4.8004,99.6187,68.1810,319.2400,0.0316,32.3356,200,62,2000,logs/auto_20260817_030358/runs/s11_EKF-LOS.csv
s11,seed2_smooth,UKF-LOS,UKF,los,smooth,10.00,0.050,1,8.9313,1.6646,1.4230,0.7958,31.5080,28.2556,57.5778,0.0316,10.5614,200,0,2000,logs/auto_20260817_030358/runs/s11_UKF-LOS.csv
s11,seed2_smooth,IMM-EKF-LOS,IMM-EKF,los,smooth,10.00,0.050,1,37.8042,1.6646,1.1214,4.9498,8.1848,6.4912,16.9403,0.0316,4.1544,200,0,2000,logs/auto_20260817_030358/runs/s11_IMM-EKF-LOS.csv
s11,seed2_smooth,IMM-UKF-LOS,IMM-UKF,los,smooth,10.00,0.050,1,7.5441,1.6646,1.1975,0.6937,13.1141,10.8009,26.2287,0.0316,7.5619,200,0,2000,logs/auto_20260817_030358/runs/s11_IMM-UKF-LOS.csv
s12,hi_jitter_jink,CV-pixel,CV,px,jink,10.00,0.050,1,4.3515,3.2834,0.5989,0.4853,0.0000,0.0000,0.0000,0.0000,0.0000,200,0,2000,logs/auto_20260817_030358/runs/s12_CV-pixel.csv
s12,hi_jitter_jink,EKF,EKF,bbox,jink,10.00,0.050,1,6.3981,3.2834,0.9278,0.6657,1.9432,1.6540,4.9023,0.0682,2.1062,200,0,2000,logs/auto_20260817_030358/runs/s12_EKF.csv
s12,hi_jitter_jink,UKF,UKF,bbox,jink,10.00,0.050,1,7.0202,3.2834,1.0682,0.6696,1.1468,0.8568,3.4086,0.0274,1.6678,200,0,2000,logs/auto_20260817_030358/runs/s12_UKF.csv
s12,hi_jitter_jink,IMM-EKF,IMM-EKF,bbox,jink,10.00,0.050,1,6.7216,3.2834,0.9617,0.7122,0.8443,0.7669,1.8279,0.0495,0.9219,200,0,2000,logs/auto_20260817_030358/runs/s12_IMM-EKF.csv
s12,hi_jitter_jink,IMM-UKF,IMM-UKF,bbox,jink,10.00,0.050,1,8.0063,3.2834,1.1564,0.8369,1.8915,1.7968,3.9585,0.1006,1.0572,200,0,2000,logs/auto_20260817_030358/runs/s12_IMM-UKF.csv
s12,hi_jitter_jink,EKF-LOS,EKF,los,jink,10.00,0.050,1,7.2240,3.2834,1.1259,0.6677,11.5731,11.2196,22.7524,0.0228,7.4567,200,0,2000,logs/auto_20260817_030358/runs/s12_EKF-LOS.csv
s12,hi_jitter_jink,UKF-LOS,UKF,los,jink,10.00,0.050,1,11.4218,3.2834,1.9407,0.8545,12.2248,11.9448,18.9927,0.0228,7.5805,200,0,2000,logs/auto_20260817_030358/runs/s12_UKF-LOS.csv
s12,hi_jitter_jink,IMM-EKF-LOS,IMM-EKF,los,jink,10.00,0.050,1,6.9037,3.2834,1.0190,0.7042,1.1805,0.9538,3.6732,0.0228,1.1990,200,0,2000,logs/auto_20260817_030358/runs/s12_IMM-EKF-LOS.csv
s12,hi_jitter_jink,IMM-UKF-LOS,IMM-UKF,los,jink,10.00,0.050,1,10.3345,3.2834,1.7032,0.8191,1.0613,0.8539,3.7605,0.0228,1.0284,200,0,2000,logs/auto_20260817_030358/runs/s12_IMM-UKF-LOS.csv
