t_s,stamp_s,t_true,latency_s,period_s,stamp_err_s,u,v,w,h,own_vx,own_vy,own_vz,drone_x,drone_y,drone_z,tgt_x,tgt_y,tgt_z,true_range_m,origin_hdg,origin_att
0.0500,0.0000,0.0000,0.0500,0.1000,0.0000,240.343,181.367,6.759,2.000,0.0000,0.0000,0.0000,0.0100,-11.9754,9.9978,6.2785,6.1114,6.0000,19.5472,19.1158,-11.6530
0.1500,0.1000,0.1000,0.0500,0.1000,0.0000,239.452,179.190,6.488,2.000,0.6539,1.5860,-0.1388,0.0784,-11.8100,9.9834,6.8355,6.3347,6.0000,19.7595,20.4255,-11.4836
0.2500,0.2000,0.2000,0.0500,0.1000,0.0000,241.176,179.211,6.355,2.000,1.2786,3.0065,-0.2597,0.2092,-11.5032,9.9569,7.3919,6.5591,6.0000,19.8288,21.6859,-11.3650
0.3500,0.3000,0.3000,0.0500,0.1000,0.0000,240.721,180.919,6.412,2.000,1.8757,4.2772,-0.3645,0.3996,-11.0701,9.9200,7.9476,6.7855,6.0000,19.7699,22.9149,-11.2905
0.4500,0.4000,0.4000,0.0500,0.1000,0.0000,240.842,180.013,6.744,2.000,2.4471,5.4119,-0.4545,0.6470,-10.5241,9.8742,8.5021,7.0146,6.0000,19.5961,24.1263,-11.2555
0.5500,0.5000,0.5000,0.0500,0.1000,0.0000,239.551,181.395,6.525,2.000,2.9948,6.4231,-0.5311,0.9491,-9.8775,9.8208,9.0552,7.2471,6.0000,19.3198,25.3308,-11.2571
0.6500,0.6000,0.6000,0.0500,0.1000,0.0000,238.378,179.722,6.743,2.000,3.5208,7.3219,-0.5953,1.3036,-9.1415,9.7610,9.6065,7.4839,6.0000,18.9522,26.5375,-11.2940
0.7500,0.7000,0.7000,0.0500,0.1000,0.0000,237.496,180.899,7.051,2.000,4.0271,8.1183,-0.6481,1.7088,-8.3263,9.6960,10.1557,7.7256,6.0000,18.5035,27.7538,-11.3662
0.8500,0.8000,0.8000,0.0500,0.1000,0.0000,239.395,180.878,7.143,2.000,4.5154,8.8214,-0.6900,2.1626,-7.4412,9.6269,10.7023,7.9730,6.0000,17.9830,28.9861,-11.4748
0.9500,0.9000,0.9000,0.0500,0.1000,0.0000,240.319,181.941,7.016,2.000,4.9876,9.4393,-0.7218,2.6637,-6.4947,9.5546,11.2460,8.2267,6.0000,17.3991,30.2402,-11.6222
1.0500,1.0000,1.0000,0.0500,0.1000,0.0000,240.207,182.156,7.546,2.000,5.4452,9.9791,-0.7439,3.2104,-5.4946,9.4802,11.7864,8.4875,6.0000,16.7595,31.5223,-11.8118
1.1500,1.1000,1.1000,0.0500,0.1000,0.0000,241.236,180.932,7.650,2.000,5.8899,10.4473,-0.7565,3.8015,-4.4480,9.4045,12.3229,8.7559,6.0000,16.0711,32.8359,-12.0492
1.2500,1.2000,1.2000,0.0500,0.1000,0.0000,242.145,181.882,7.965,2.000,6.3231,10.8497,-0.7598,4.4359,-3.3614,9.3286,12.8553,9.0327,6.0000,15.3400,34.1869,-12.3416
1.3500,1.3000,1.3000,0.0500,0.1000,0.0000,242.228,181.151,8.496,2.000,6.7459,11.1915,-0.7537,5.1126,-2.2410,9.2533,13.3829,9.3184,6.0000,14.5720,35.5806,-12.6989
1.4500,1.4000,1.4000,0.0500,0.1000,0.0000,241.967,181.912,8.597,2.045,7.1595,11.4772,-0.7379,5.8305,-1.0922,9.1797,13.9053,9.6135,6.0000,13.7721,37.0230,-13.1343
1.5500,1.5000,1.5000,0.0500,0.1000,0.0000,242.119,182.274,9.123,2.218,7.5650,11.7109,-0.7117,6.5890,0.0798,9.1087,14.4220,9.9185,6.0000,12.9450,38.5210,-13.6655
1.6500,1.6000,1.6000,0.0500,0.1000,0.0000,241.438,180.936,9.897,2.522,7.9632,11.8962,-0.6742,7.3873,1.2700,9.0416,14.9323,10.2340,6.0000,12.0951,40.0829,-14.3167
1.7500,1.7000,1.7000,0.0500,0.1000,0.0000,241.481,179.961,10.008,2.720,8.3549,12.0363,-0.6235,8.2247,2.4740,8.9796,15.4358,10.5604,6.0000,11.2263,41.7194,-15.1217
1.8500,1.8000,1.8000,0.0500,0.1000,0.0000,239.647,179.765,10.630,3.090,8.7405,12.1340,-0.5569,9.1006,3.6877,8.9244,15.9317,10.8981,6.0000,10.3428,43.4456,-16.1278
1.9500,1.9000,1.9000,0.0500,0.1000,0.0000,241.225,179.567,11.029,3.540,9.1206,12.1914,-0.4695,10.0145,4.9068,8.8780,16.4196,11.2473,6.0000,9.4489,45.2827,-17.4036
2.0500,2.0000,2.0000,0.0500,0.1000,0.0000,241.190,180.382,11.917,4.094,9.4949,12.2102,-0.3519,10.9658,6.1277,8.8438,16.8987,11.6085,6.0000,8.5498,47.2581,-19.0545
2.1500,2.1000,2.1000,0.0500,0.1000,0.0000,240.481,178.715,12.525,4.536,9.8619,12.1906,-0.1825,11.9538,7.3464,8.8271,17.3684,11.9818,6.0000,7.6533,49.4200,-21.2592
2.2500,2.2000,2.2000,0.0500,0.1000,0.0000,239.831,177.778,14.283,5.421,10.2116,12.1254,0.1101,12.9760,8.5578,8.8425,17.8280,12.3674,6.0000,6.7757,51.8800,-24.3278
2.3500,2.3000,2.3000,0.0500,0.1000,0.0000,238.404,179.982,17.360,7.738,10.0086,11.6014,1.0807,13.9615,9.7053,8.9435,18.2770,12.7654,6.0000,6.0348,54.6784,-28.6508
2.4500,2.4000,2.4000,0.0500,0.1000,0.0000,237.850,180.989,20.287,10.519,8.1850,9.9170,1.2471,14.7706,10.6887,9.0666,18.7144,13.1760,6.0000,5.5588,57.7845,-32.8821
2.5500,2.5000,2.5000,0.0500,0.1000,0.0000,238.113,181.699,22.142,12.610,6.3281,8.2550,1.0541,15.3941,11.5061,9.1703,19.1398,13.5992,6.0000,5.3113,60.8290,-36.0097
2.6500,2.6000,2.6000,0.0500,0.1000,0.0000,239.330,179.762,23.363,13.493,4.4794,6.6439,0.7489,15.8339,12.1637,9.2433,19.5524,14.0348,6.0000,5.2526,63.3101,-37.4813
2.7500,2.7000,2.7000,0.0500,0.1000,0.0000,238.378,179.858,23.763,13.666,2.7829,5.2037,0.3971,16.1047,12.6779,9.2811,19.9514,14.4828,6.0000,5.3441,64.8809,-37.2386
2.8500,2.8000,2.8000,0.0500,0.1000,0.0000,240.432,179.868,22.866,12.859,1.2278,3.9132,0.0151,16.2204,13.0635,9.2805,20.3363,14.9431,6.0000,5.5654,65.4695,-35.5122
2.9500,2.9000,2.9000,0.0500,0.1000,0.0000,240.318,179.742,21.414,11.915,-0.2222,2.7294,-0.4020,16.1915,13.3311,9.2378,20.7064,15.4153,6.0000,5.9122,65.2306,-32.6461
3.0500,3.0000,3.0000,0.0500,0.1000,0.0000,240.375,178.985,20.967,10.694,-1.5845,1.6241,-0.8801,16.0274,13.4888,9.1466,21.0610,15.8993,6.0000,6.3874,64.4188,-29.0043
3.1500,3.1000,3.1000,0.0500,0.1000,0.0000,241.644,177.807,18.917,8.396,-2.7234,0.6680,-1.5770,15.7749,13.5669,8.9825,21.3995,16.3946,6.0000,6.9492,63.3158,-24.9552
3.2500,3.2000,3.2000,0.0500,0.1000,0.0000,241.906,179.017,17.912,6.652,-1.3577,1.3105,-1.7110,15.6463,13.7017,8.8151,21.7213,16.9010,6.0000,7.4056,62.2325,-21.9126
3.3500,3.3000,3.3000,0.0500,0.1000,0.0000,242.485,179.185,17.502,5.824,0.1614,2.0980,-1.1024,15.6688,13.9151,8.7078,22.0259,17.4179,6.0000,7.7330,61.1484,-20.0875
3.4500,3.4000,3.4000,0.0500,0.1000,0.0000,241.912,180.598,17.229,5.460,1.5106,2.8274,-0.5123,15.8257,14.2012,8.6591,22.3127,17.9449,6.0000,7.9345,60.0135,-19.1817
3.5500,3.5000,3.5000,0.0500,0.1000,0.0000,242.634,179.211,16.677,5.195,2.7144,3.5149,0.0131,16.1022,14.5559,8.6625,22.5812,18.4814,6.0000,8.0165,58.7922,-19.0033
3.6500,3.6000,3.6000,0.0500,0.1000,0.0000,241.397,180.219,16.511,5.404,3.7877,4.1712,0.4597,16.4856,14.9761,8.7101,22.8310,19.0269,6.0000,7.9877,57.4507,-19.4371
3.7500,3.7000,3.7000,0.0500,0.1000,0.0000,241.369,178.988,16.700,5.513,4.7420,4.8059,0.8166,16.9638,15.4598,8.7929,23.0616,19.5808,6.0000,7.8578,55.9535,-20.4159
3.8500,3.8000,3.8000,0.0500,0.1000,0.0000,239.486,179.760,17.016,6.156,5.5862,5.4281,1.0662,17.5259,16.0057,8.8998,23.2728,20.1424,6.0000,7.6366,54.2587,-21.8999
3.9500,3.9000,3.9000,0.0500,0.1000,0.0000,239.338,178.797,17.180,6.539,6.3266,6.0463,1.1688,18.1616,16.6134,9.0156,23.4642,20.7110,6.0000,7.3323,52.3114,-23.8491
4.0500,4.0000,4.0000,0.0500,0.1000,0.0000,238.109,179.305,18.524,7.224,6.9570,6.6600,1.0060,18.8590,17.2818,9.1109,23.6357,21.2859,6.0000,6.9483,50.0341,-26.1342
4.1500,4.1000,4.1000,0.0500,0.1000,0.0000,237.716,179.495,19.051,8.691,7.1524,6.9231,-0.0452,19.5579,17.9562,9.1018,23.7869,21.8665,6.0000,6.5230,47.2484,-27.8975
4.2500,4.2000,4.2000,0.0500,0.1000,0.0000,239.063,178.007,19.653,9.644,5.6301,5.2629,-0.8938,20.1130,18.4727,9.0140,23.9178,22.4521,6.0000,6.2575,43.7214,-28.2765
4.3500,4.3000,4.3000,0.0500,0.1000,0.0000,241.015,179.528,19.997,9.630,4.0667,3.3940,-0.8881,20.5135,18.8036,8.9274,24.0283,23.0418,6.0000,6.2172,39.6774,-27.5711
4.4500,4.4000,4.4000,0.0500,0.1000,0.0000,242.194,178.271,20.279,9.356,2.7446,1.6495,-0.5473,20.7831,18.9612,8.8769,24.1184,23.6349,6.0000,6.4044,35.5211,-26.1909
4.5500,4.5000,4.5000,0.0500,0.1000,0.0000,241.031,179.241,19.269,8.298,1.7216,0.1679,0.2508,20.9586,18.9854,8.9143,24.1881,24.2308,6.0000,6.7975,31.6288,-24.9159
4.6500,4.6000,4.6000,0.0500,0.1000,0.0000,242.236,180.182,18.205,7.534,1.9127,0.8938,1.2516,21.1524,19.0824,9.0358,24.2376,24.8288,6.0000,7.1773,28.2406,-24.5756
4.7500,4.7000,4.7000,0.0500,0.1000,0.0000,241.930,178.506,16.773,6.820,2.4188,2.3787,1.0450,21.3959,19.3268,9.1379,24.2670,25.4280,6.0000,7.4205,25.2100,-24.5825
4.8500,4.8000,4.8000,0.0500,0.1000,0.0000,241.281,179.338,16.806,6.877,2.7933,3.7313,0.6334,21.6763,19.7059,9.1988,24.2766,26.0279,6.0000,7.5304,22.3668,-24.7101
4.9500,4.9000,4.9000,0.0500,0.1000,0.0000,241.392,180.153,16.461,6.763,3.0534,4.9643,0.1777,21.9823,20.2078,9.2144,24.2666,26.6278,6.0000,7.5174,19.5956,-24.8865
5.0500,5.0000,5.0000,0.0500,0.1000,0.0000,240.511,179.915,16.044,6.890,3.2131,6.0936,-0.2693,22.3038,20.8222,9.1855,24.2373,27.2271,6.0000,7.3929,16.8086,-25.0878
5.1500,5.1000,5.1000,0.0500,0.1000,0.0000,240.971,179.548,16.820,7.117,3.2823,7.1341,-0.6742,22.6318,21.5403,9.1165,24.1891,27.8251,6.0000,7.1686,13.9292,-25.3198
5.2500,5.2000,5.2000,0.0500,0.1000,0.0000,239.542,178.003,17.004,7.534,3.2678,8.1033,-0.9896,22.9580,22.3552,9.0175,24.1225,28.4214,6.0000,6.8571,10.8810,-25.6368
5.3500,5.3000,5.3000,0.0500,0.1000,0.0000,240.035,179.260,17.137,8.080,3.1732,9.0186,-0.9691,23.2727,23.2426,8.9382,24.0380,29.0154,6.0000,6.5046,7.5680,-26.3566
5.4500,5.4000,5.4000,0.0500,0.1000,0.0000,240.189,179.717,17.280,8.498,2.8337,7.4006,0.1243,23.5547,23.9701,8.9512,23.9359,29.6066,6.0000,6.3553,3.8876,-27.1594
5.5500,5.5000,5.5000,0.0500,0.1000,0.0000,239.970,180.189,17.452,8.254,2.5382,5.0211,0.4899,23.8079,24.4616,8.9997,23.8169,30.1947,6.0000,6.4520,0.1088,-27.2023
5.6500,5.6000,5.6000,0.0500,0.1000,0.0000,241.321,179.928,16.615,7.929,2.3657,2.8575,0.3501,24.0413,24.7762,9.0226,23.6816,30.7792,6.0000,6.7128,-3.4137,-26.2783
5.7500,5.7000,5.7000,0.0500,0.1000,0.0000,240.096,178.783,15.528,7.142,1.9975,4.0129,-0.2334,24.2387,25.1838,9.0000,23.5306,31.3598,6.0000,6.8852,-6.5270,-25.3613
5.8500,5.8000,5.8000,0.0500,0.1000,0.0000,240.240,178.180,15.495,6.974,1.5612,5.3319,-0.2232,24.3924,25.7227,8.9785,23.3644,31.9364,6.0000,6.9499,-9.3796,-24.9115
5.9500,5.9000,5.9000,0.0500,0.1000,0.0000,239.438,178.254,15.531,6.907,1.0908,6.5100,-0.1062,24.4990,26.3787,8.9688,23.1838,32.5085,6.0000,6.9197,-12.0940,-24.9390
6.0500,6.0000,6.0000,0.0500,0.1000,0.0000,240.380,180.133,15.993,6.643,0.5941,7.5561,0.0572,24.5558,27.1387,8.9754,22.9895,33.0761,6.0000,6.8061,-14.7616,-25.4473
6.1500,6.1000,6.1000,0.0500,0.1000,0.0000,240.062,180.566,16.153,6.689,0.0752,8.4820,0.2284,24.5605,27.9908,8.9986,22.7821,33.6391,6.0000,6.6197,-17.4599,-26.4439
6.2500,6.2000,6.2000,0.0500,0.1000,0.0000,239.380,181.050,15.873,6.972,-0.2406,8.6608,0.0910,24.5431,28.8351,9.0097,22.5623,34.1974,6.0000,6.4418,-20.2546,-27.3463
6.3501,6.3000,6.3000,0.0500,0.1000,0.0000,238.086,179.510,15.571,7.260,0.3749,6.2672,-0.0752,24.5838,29.4514,9.0021,22.3309,34.7510,6.0000,6.4758,-23.0278,-27.1146
6.4501,6.4001,6.4001,0.0500,0.1000,0.0000,238.621,179.878,14.865,6.982,1.0093,4.0879,-0.0690,24.6660,29.8988,8.9972,22.0885,35.2999,6.0000,6.6753,-25.5295,-26.1923
6.5501,6.5001,6.5001,0.0500,0.1000,0.0000,240.464,178.447,15.370,6.497,0.1835,5.2471,0.0370,24.6804,30.4284,9.0008,21.8360,35.8441,6.0000,6.7961,-27.7261,-25.7249
6.6501,6.6001,6.6001,0.0500,0.1000,0.0000,240.530,178.795,14.847,6.471,-0.6198,6.2766,0.0295,24.6146,31.0604,9.0036,21.5740,36.3839,6.0000,6.8094,-29.7500,-25.6971
6.7501,6.7001,6.7001,0.0500,0.1000,0.0000,239.711,179.089,15.039,6.757,-1.3944,7.1818,0.0018,24.4715,31.7823,9.0035,21.3033,36.9193,6.0000,6.7237,-31.6802,-26.0495
6.8501,6.8001,6.8001,0.0500,0.1000,0.0000,240.217,179.257,16.323,7.295,-2.1394,7.9746,-0.0374,24.2540,32.5831,8.9995,21.0246,37.4507,6.0000,6.5484,-33.5790,-26.7647
6.9501,6.9001,6.9001,0.0500,0.1000,0.0000,241.408,180.500,16.805,7.714,-1.9231,7.2241,-0.0337,24.0676,33.2948,8.9965,20.7387,37.9782,6.0000,6.4619,-35.4215,-27.1231
7.0501,7.0001,7.0001,0.0500,0.1000,0.0000,242.166,179.394,16.405,7.975,-0.7798,5.1080,0.0294,23.9928,33.7993,9.0007,20.4463,38.5021,6.0000,6.5924,-37.0375,-26.5838
7.1501,7.1001,7.1001,0.0500,0.1000,0.0000,240.487,177.918,16.384,7.519,-0.9268,4.9145,0.0873,23.8956,34.2951,9.0088,20.1481,39.0227,6.0000,6.7237,-38.4183,-26.1011
7.2501,7.2001,7.2001,0.0500,0.1000,0.0000,241.541,179.781,15.780,7.086,-1.8636,5.8229,-0.0258,23.7050,34.8812,9.0060,19.8448,39.5404,6.0000,6.7384,-39.6560,-26.0129
7.3501,7.3001,7.3001,0.0500,0.1000,0.0000,239.763,180.593,15.813,7.357,-2.7383,6.6259,-0.0894,23.4272,35.5472,8.9974,19.5372,40.0556,6.0000,6.6486,-40.8025,-26.3100
7.4501,7.4001,7.4001,0.0500,0.1000,0.0000,241.187,180.267,16.660,7.416,-3.5373,7.3153,0.0705,23.1019,36.2425,9.0041,19.2261,40.5686,6.0000,6.5210,-41.8736,-26.9326
7.5501,7.5001,7.5001,0.0500,0.1000,0.0000,239.948,179.638,17.171,7.410,-2.1257,5.3212,0.0497,22.8954,36.7663,9.0057,18.9120,41.0798,6.0000,6.5780,-42.7374,-26.6961
7.6501,7.6001,7.6001,0.0500,0.1000,0.0000,239.819,179.737,17.182,7.425,-1.7860,4.6444,-0.2835,22.7124,37.2345,8.9811,18.5958,41.5897,6.0000,6.6756,-43.4031,-26.0386
7.7501,7.7001,7.7001,0.0500,0.1000,0.0000,241.106,180.809,17.713,7.591,-2.7220,5.4736,0.0841,22.4359,37.7856,8.9902,18.2781,42.0987,6.0000,6.6780,-43.9664,-26.1166
7.8501,7.8001,7.8001,0.0500,0.1000,0.0000,239.472,179.582,17.042,8.018,-3.5935,6.2308,0.2547,22.0733,38.4112,9.0101,17.9597,42.6073,6.0000,6.5841,-44.4498,-26.7121
7.9501,7.9001,7.9001,0.0500,0.1000,0.0000,238.138,179.842,18.081,8.186,-3.2599,5.6495,-0.2996,21.7544,38.9674,8.9855,17.6412,43.1158,6.0000,6.5424,-44.7743,-26.6556
8.0501,8.0001,8.0001,0.0500,0.1000,0.0000,238.467,179.650,17.838,8.128,-1.9904,4.0476,0.3880,21.5334,39.3956,9.0148,17.3234,43.6247,6.0000,6.6677,-44.8872,-26.3963
8.1501,8.1001,8.1001,0.0500,0.1000,0.0000,238.557,178.808,17.085,7.680,-2.9200,4.8963,0.1955,21.2375,39.8888,9.0314,17.0071,44.1346,6.0000,6.6986,-44.9133,-26.4232
8.2501,8.2001,8.2001,0.0500,0.1000,0.0000,240.368,178.948,16.842,7.823,-3.7467,5.6486,-0.3229,20.8590,40.4572,8.9982,16.6928,44.6457,6.0000,6.6069,-44.8646,-26.4971
8.3501,8.3001,8.3001,0.0500,0.1000,0.0000,239.286,178.021,17.970,8.137,-3.7439,5.5006,-0.0302,20.4936,40.9965,8.9934,16.3814,45.1585,6.0000,6.5540,-44.6735,-26.6818
8.4501,8.4001,8.4001,0.0500,0.1000,0.0000,239.663,179.424,17.769,8.210,-2.4478,3.9270,0.0951,20.2282,41.4120,9.0036,16.0735,45.6735,6.0000,6.6487,-44.2898,-26.3699
8.5501,8.5001,8.5001,0.0500,0.1000,0.0000,241.035,180.373,17.236,7.866,-3.3442,4.8310,-0.0816,19.8899,41.8991,8.9964,15.7699,46.1910,6.0000,6.6434,-43.8465,-26.3233
8.6501,8.6001,8.6001,0.0500,0.1000,0.0000,240.136,181.455,17.981,7.834,-4.1481,5.6613,0.0626,19.4921,42.4451,9.0075,15.4713,46.7114,6.0000,6.5707,-43.3207,-26.7461
8.7501,8.7001,8.7001,0.0500,0.1000,0.0000,239.873,180.598,17.259,7.709,-2.9609,4.1896,-0.1738,19.1873,42.8741,8.9896,15.1784,47.2350,6.0000,6.6174,-42.6087,-26.3692
8.8501,8.8001,8.8001,0.0500,0.1000,0.0000,241.310,179.519,17.191,7.660,-3.3615,4.6150,0.0842,18.8473,43.3402,8.9981,14.8919,47.7622,6.0000,6.6295,-41.8287,-26.3991
8.9501,8.9001,8.9001,0.0500,0.1000,0.0000,240.507,179.064,17.835,7.722,-4.0883,5.4680,0.0994,18.4558,43.8651,8.9965,14.6126,48.2933,6.0000,6.5665,-40.9716,-26.6573
9.0501,9.0001,9.0001,0.0500,0.1000,0.0000,240.607,180.404,17.878,7.699,-2.9265,3.9598,0.0183,18.1496,44.2786,9.0061,14.3413,48.8284,6.0000,6.6334,-39.9472,-26.4600
9.1501,9.1001,9.1001,0.0500,0.1000,0.0000,238.996,179.298,16.982,7.645,-3.4477,4.6420,0.1750,17.8021,44.7466,9.0194,14.0786,49.3678,6.0000,6.6406,-38.8770,-26.5567
9.2501,9.2001,9.2001,0.0500,0.1000,0.0000,239.671,180.129,16.730,7.714,-4.0569,5.4847,-0.4930,17.4120,45.2734,8.9847,13.8253,49.9117,6.0000,6.5612,-37.7312,-26.5651
9.3501,9.3001,9.3001,0.0500,0.1000,0.0000,238.492,178.256,17.727,8.051,-3.0052,4.0066,0.3335,17.0988,45.6927,9.0171,13.5821,50.4602,6.0000,6.6302,-36.4313,-26.5798
9.4501,9.4001,9.4001,0.0500,0.1000,0.0000,240.124,179.890,17.487,8.015,-3.4299,4.6941,0.0151,16.7535,46.1663,9.0150,13.3498,51.0134,6.0000,6.6279,-35.0941,-26.5687
9.5501,9.5001,9.5001,0.0500,0.1000,0.0000,240.497,178.161,17.400,8.246,-3.9198,5.5313,-0.3817,16.3811,46.6880,8.9902,13.1291,51.5713,6.0000,6.5671,-33.6794,-26.5932
9.6501,9.6001,9.6001,0.0500,0.1000,0.0000,240.096,179.997,17.837,7.808,-2.9517,4.0215,0.3059,16.0728,47.1132,9.0120,12.9207,52.1340,6.0000,6.6314,-32.1390,-26.5246
9.7501,9.7001,9.7001,0.0500,0.1000,0.0000,240.930,180.788,17.433,7.981,-3.4813,5.0677,-0.2147,15.7224,47.6252,8.9937,12.7253,52.7012,6.0000,6.5934,-30.5765,-26.5118
9.8501,9.8001,9.8001,0.0500,0.1000,0.0000,240.391,179.831,17.965,8.256,-3.3575,4.9528,0.2813,15.3895,48.1153,9.0029,12.5436,53.2731,6.0000,6.5940,-28.9058,-26.5992
9.9501,9.9001,9.9001,0.0500,0.1000,0.0000,238.759,178.574,18.242,7.905,-3.2096,4.8505,-0.1140,15.0676,48.6037,8.9981,12.3763,53.8492,6.0000,6.5961,-27.1772,-26.5424
10.0501,10.0001,10.0001,0.0500,0.1000,0.0000,238.023,180.304,17.812,8.074,-3.3381,5.3165,-0.1408,14.7445,49.1119,8.9945,12.2241,54.4296,6.0000,6.5848,-25.3761,-26.5575
10.1501,10.1001,10.1001,0.0500,0.1000,0.0000,237.443,179.802,17.427,7.588,-2.9920,4.7772,0.2000,14.4438,49.5950,9.0084,12.0875,55.0138,6.0000,6.6126,-23.5174,-26.5714
10.2501,10.2001,10.2001,0.0500,0.1000,0.0000,238.678,179.668,17.631,7.812,-3.3043,5.8591,-0.2837,14.1247,50.1517,8.9874,11.9672,55.6016,6.0000,6.5608,-21.6129,-26.5930
10.3501,10.3001,10.3001,0.0500,0.1000,0.0000,240.657,180.284,17.139,7.967,-2.6938,4.4664,0.5368,13.8480,50.6222,9.0199,11.8639,56.1926,6.0000,6.6217,-19.6208,-26.6434
10.4501,10.4001,10.4001,0.0500,0.1000,0.0000,241.404,178.817,16.814,7.825,-2.9055,5.5279,-0.2037,13.5568,51.1801,8.9972,11.7779,56.7864,6.0000,6.5834,-17.6191,-26.5896
10.5501,10.5001,10.5001,0.0500,0.1000,0.0000,241.178,179.895,16.938,7.536,-2.7430,5.3691,0.0619,13.2848,51.7100,9.0053,11.7099,57.3825,6.0000,6.5917,-15.5311,-26.6324
10.6501,10.6001,10.6001,0.0500,0.1000,0.0000,241.675,181.189,16.843,7.269,-2.5659,5.2640,0.0204,13.0278,52.2419,9.0052,11.6603,57.9804,6.0000,6.6025,-13.4191,-26.5841
10.7502,10.7001,10.7001,0.0500,0.1000,0.0000,242.184,181.568,17.008,7.279,-2.6062,6.1520,-0.0257,12.7740,52.8235,9.0038,11.6295,58.5796,6.0000,6.5747,-11.2606,-26.6911
10.8502,10.8002,10.8002,0.0500,0.1000,0.0000,240.192,180.694,17.562,7.196,-2.3118,5.3744,-0.1782,12.5429,53.3672,8.9951,11.6180,59.1795,6.0000,6.5857,-9.0568,-26.5585
10.9502,10.9002,10.9002,0.0500,0.1000,0.0000,240.730,179.431,17.312,7.377,-2.2336,5.9117,0.0201,12.3222,53.9406,9.0007,11.6260,59.7794,6.0000,6.5835,-6.8146,-26.6233
11.0502,11.0002,11.0002,0.0500,0.1000,0.0000,239.577,178.524,16.943,7.156,-1.9845,5.2044,0.0043,12.1268,54.4396,9.0017,11.6455,59.6402,6.0000,6.0041,-5.3082,-29.4486
11.1502,11.1002,11.1002,0.0500,0.1000,0.0000,238.879,178.333,19.292,9.930,-1.5850,3.0277,0.0028,11.9698,54.7343,9.0020,11.6472,59.0402,6.0000,5.2362,-4.3115,-34.3376
11.2502,11.2002,11.2002,0.0500,0.1000,0.0000,239.710,177.362,21.419,12.709,-1.2445,1.2454,0.0014,11.8469,54.8523,9.0021,11.6287,58.4405,6.0000,4.6580,-3.5130,-39.3782
11.3502,11.3002,11.3002,0.0500,0.1000,0.0000,240.456,178.092,24.756,16.084,-0.9329,-0.1978,0.0001,11.7552,54.8271,9.0021,11.5896,57.8418,6.0000,4.2297,-3.1830,-44.3493
11.4502,11.4002,11.4002,0.0500,0.1000,0.0000,241.504,179.476,28.351,19.395,-0.6031,-1.3695,-0.0011,11.6971,54.6859,9.0020,11.5299,57.2448,6.0000,3.9178,-3.7829,-49.0216
11.5502,11.5002,11.5002,0.0500,0.1000,0.0000,242.230,180.717,30.118,23.018,-0.1786,-2.3011,-0.0024,11.6827,54.4530,9.0018,11.4495,56.6503,6.0000,3.6952,-6.1113,-53.1943
11.6502,11.6002,11.6002,0.0500,0.1000,0.0000,240.635,181.131,32.994,27.615,0.4470,-2.9444,-0.0036,11.7321,54.1582,9.0014,11.3485,56.0589,6.0000,3.5397,-11.4528,-56.7184
11.7502,11.7002,11.7002,0.0500,0.1000,0.0000,241.756,180.997,37.310,30.161,1.2794,-3.1665,-0.0045,11.8644,53.8432,9.0009,11.2269,55.4713,6.0000,3.4387,-21.4088,-59.3837
11.8502,11.8002,11.8002,0.0500,0.1000,0.0000,241.923,181.316,37.627,33.371,2.1356,-2.9906,-0.0047,12.0817,53.5466,9.0005,11.0848,54.8884,6.0000,3.3998,-36.5900,-60.4996
11.9502,11.9002,11.9002,0.0500,0.1000,0.0000,242.327,181.687,37.547,31.229,2.9058,-2.5995,-0.0045,12.3755,53.2892,9.0000,10.9224,54.3109,6.0000,3.4521,-54.8373,-58.9685
12.0502,12.0002,12.0002,0.0500,0.1000,0.0000,241.922,181.406,31.910,27.203,3.5972,-2.1167,-0.0041,12.7384,53.0803,8.9996,10.7399,53.7393,6.0000,3.6315,-71.7648,-54.4950
12.1502,12.1002,12.1002,0.0500,0.1000,0.0000,239.504,180.709,29.895,23.525,4.2523,-1.5912,-0.0035,13.1670,52.9240,8.9993,10.5377,53.1745,6.0000,3.9665,-84.6045,-48.1588
12.2502,12.2002,12.2002,0.0500,0.1000,0.0000,240.693,179.431,29.138,21.044,4.9183,-1.0344,-0.0029,13.6625,52.8236,8.9990,10.3160,52.6169,6.0000,4.4718,-93.5543,-41.3319
12.3502,12.3002,12.3002,0.0500,0.1000,0.0000,240.650,178.185,26.461,16.636,5.6404,-0.4405,-0.0020,14.2308,52.7828,8.9988,10.0753,52.0674,6.0000,5.1512,-99.7801,-34.9556
12.4502,12.4002,12.4002,0.0500,0.1000,0.0000,240.283,179.607,23.104,12.164,6.4592,0.2025,-0.0008,14.8817,52.8067,8.9987,9.8160,51.5263,6.0000,6.0045,-104.1892,-29.4210
12.5502,12.5002,12.5002,0.0500,0.1000,0.0000,240.882,180.410,19.921,9.055,7.3764,0.8938,0.0019,15.6202,52.8978,8.9991,9.5386,50.9943,6.0000,7.0260,-107.3787,-24.8128
12.6502,12.6002,12.6002,0.0500,0.1000,0.0000,241.134,180.834,16.606,6.575,6.3340,0.6409,0.0150,16.2432,52.9579,9.0006,9.2436,50.4719,6.0000,7.9962,-109.5503,-21.6417
12.7502,12.7002,12.7002,0.0500,0.1000,0.0000,241.219,180.731,15.255,5.253,4.1835,-0.1790,0.0129,16.6523,52.9363,9.0018,8.9316,49.9594,6.0000,8.7888,-111.0816,-19.6103
12.8502,12.8002,12.8002,0.0500,0.1000,0.0000,240.560,181.732,13.468,4.526,2.2450,-0.9335,0.0101,16.8684,52.8396,9.0028,8.6031,49.4573,6.0000,9.4092,-112.2520,-18.2740
12.9502,12.9002,12.9002,0.0500,0.1000,0.0000,239.103,179.805,12.671,4.132,0.4975,-1.6270,0.0073,16.9106,52.6738,9.0035,8.2589,48.9660,6.0000,9.8683,-113.1959,-17.4018
13.0502,13.0002,13.0002,0.0500,0.1000,0.0000,238.255,178.459,12.669,3.890,-1.0777,-2.2643,0.0046,16.7960,52.4446,9.0040,7.8994,48.4856,6.0000,10.1788,-113.9858,-16.8587
13.1502,13.1002,13.1002,0.0500,0.1000,0.0000,240.369,179.167,11.849,3.728,-2.4975,-2.8498,0.0021,16.5401,52.1570,9.0042,7.5254,48.0164,6.0000,10.3535,-114.6661,-16.5679
13.2502,13.2002,13.2002,0.0500,0.1000,0.0000,238.637,179.592,11.744,3.555,-3.7770,-3.3877,-0.0001,16.1568,51.8158,9.0042,7.1376,47.5586,6.0000,10.4046,-115.2634,-16.4844
13.3502,13.3002,13.3002,0.0500,0.1000,0.0000,237.608,180.084,11.476,3.589,-4.9301,-3.8819,-0.0020,15.6588,51.4254,9.0040,6.7366,47.1123,6.0000,10.3438,-115.7945,-16.5828
13.4502,13.4002,13.4002,0.0500,0.1000,0.0000,237.015,179.773,11.805,3.601,-5.9691,-4.3360,-0.0037,15.0574,50.9898,9.0036,6.3232,46.6775,6.0000,10.1816,-116.2704,-16.8520
13.5502,13.5002,13.5002,0.0500,0.1000,0.0000,237.480,179.228,11.697,3.571,-6.9052,-4.7531,-0.0051,14.3629,50.5126,9.0031,5.8979,46.2543,6.0000,9.9282,-116.6981,-17.2916
13.6502,13.6002,13.6002,0.0500,0.1000,0.0000,239.700,180.379,11.519,3.746,-7.7485,-5.1362,-0.0063,13.5844,49.9973,9.0024,5.4615,45.8425,6.0000,9.5926,-117.0818,-17.9112
13.7502,13.7002,13.7002,0.0500,0.1000,0.0000,238.460,181.080,12.062,3.950,-8.5083,-5.4878,-0.0071,12.7303,49.4470,9.0017,5.0148,45.4421,6.0000,9.1837,-117.4237,-18.7315
13.8502,13.8002,13.8002,0.0500,0.1000,0.0000,238.917,179.481,12.524,4.215,-9.1929,-5.8103,-0.0076,11.8080,48.8645,9.0010,4.5582,45.0527,6.0000,8.7096,-117.7241,-19.7888
13.9502,13.9002,13.9002,0.0500,0.1000,0.0000,239.147,178.841,12.753,4.857,-9.8099,-6.1058,-0.0077,10.8244,48.2526,9.0002,4.0926,44.6744,6.0000,8.1782,-117.9831,-21.1306
14.0502,14.0002,14.0002,0.0500,0.1000,0.0000,240.268,178.341,13.758,5.586,-10.3662,-6.3759,-0.0072,9.7853,47.6139,8.9995,3.6185,44.3066,6.0000,7.5977,-118.1933,-22.8300
14.1502,14.1002,14.1002,0.0500,0.1000,0.0000,238.969,177.404,14.915,6.542,-10.8682,-6.6222,-0.0056,8.6963,46.9506,8.9990,3.1367,43.9491,6.0000,6.9767,-118.3485,-24.9952
14.2502,14.2002,14.2002,0.0500,0.1000,0.0000,238.627,179.192,15.991,7.526,-11.3217,-6.8457,0.0004,7.5776,46.2738,8.9996,2.6476,43.6016,6.0000,6.3408,-118.4415,-27.7186
14.3502,14.3002,14.3002,0.0500,0.1000,0.0000,240.528,180.671,17.379,9.124,-9.6815,-5.8761,0.0176,6.6203,45.6925,9.0013,2.1519,43.2635,6.0000,5.8852,-118.5073,-30.1018
14.4502,14.4002,14.4002,0.0500,0.1000,0.0000,240.397,180.731,18.621,9.674,-7.5237,-4.6136,0.0133,5.8787,45.2375,9.0026,1.6502,42.9345,6.0000,5.6534,-118.5505,-31.4932
14.5502,14.5002,14.5002,0.0500,0.1000,0.0000,240.419,180.068,19.615,9.632,-5.3984,-3.3744,0.0072,5.3482,44.9054,9.0033,1.1430,42.6140,6.0000,5.6316,-118.5621,-31.6373
14.6502,14.6002,14.6002,0.0500,0.1000,0.0000,238.862,178.930,18.805,9.650,-3.4553,-2.2484,0.0005,5.0114,44.6856,9.0033,0.6308,42.3014,6.0000,5.8012,-118.5345,-30.6074
14.7502,14.7002,14.7002,0.0500,0.1000,0.0000,237.806,178.646,17.893,8.483,-1.6541,-1.2137,-0.0071,4.8541,44.5688,9.0025,0.1142,41.9962,6.0000,6.1531,-118.4700,-28.6736
14.8502,14.8002,14.8002,0.0500,0.1000,0.0000,238.083,178.155,16.361,7.600,0.0111,-0.2666,-0.0178,4.8568,44.5431,8.9971,-0.4063,41.6978,6.0000,6.6739,-118.3787,-26.1971
14.9502,14.9002,14.9002,0.0500,0.1000,0.0000,240.000,177.447,14.542,6.392,-0.4459,-0.4878,-0.1600,4.8051,44.4907,8.9815,-0.9303,41.4056,6.0000,7.1460,-118.2670,-24.2067
15.0502,15.0002,15.0002,0.0500,0.1000,0.0000,240.074,179.130,14.212,5.756,-1.9166,-1.2590,-0.0887,4.6071,44.3614,8.9729,-1.4574,41.1188,6.0000,7.4762,-118.1308,-22.9999
15.1503,15.1003,15.1003,0.0500,0.1000,0.0000,240.014,177.782,13.319,5.162,-3.2500,-1.9506,-0.0277,4.2763,44.1634,8.9703,-1.9870,40.8369,6.0000,7.6734,-117.9756,-22.3545
15.2503,15.2003,15.2003,0.0500,0.1000,0.0000,241.488,179.889,13.618,5.172,-4.4590,-2.5704,0.0222,3.8251,43.9037,8.9727,-2.5188,40.5591,6.0000,7.7480,-117.8045,-22.1464
15.3503,15.3003,15.3003,0.0500,0.1000,0.0000,241.680,178.943,13.972,4.967,-5.5557,-3.1253,0.0608,3.2647,43.5888,8.9789,-3.0523,40.2846,6.0000,7.7110,-117.6193,-22.3084
15.4503,15.4003,15.4003,0.0500,0.1000,0.0000,242.517,177.926,13.798,5.229,-6.5506,-3.6216,0.0876,2.6053,43.2245,8.9877,-3.5873,40.0128,6.0000,7.5731,-117.4209,-22.8105
15.5503,15.5003,15.5003,0.0500,0.1000,0.0000,241.176,178.845,14.333,5.432,-7.4533,-4.0649,0.1010,1.8560,42.8162,8.9978,-4.1231,39.7430,6.0000,7.3446,-117.2098,-23.6497
15.6503,15.6003,15.6003,0.0500,0.1000,0.0000,241.575,180.300,15.245,6.089,-8.2727,-4.4604,0.0967,1.0252,42.3684,9.0072,-4.6596,39.4743,6.0000,7.0354,-116.9865,-24.8447
15.7503,15.7003,15.7003,0.0500,0.1000,0.0000,240.051,181.291,16.039,6.639,-9.0163,-4.8127,0.0597,0.1203,41.8857,9.0123,-5.1963,39.2061,6.0000,6.6544,-116.7510,-26.4257
15.8503,15.8003,15.8003,0.0500,0.1000,0.0000,240.510,180.234,17.223,7.212,-9.0347,-4.7973,-0.2704,-0.7648,41.4152,8.9906,-5.7329,38.9375,6.0000,6.2870,-116.5045,-27.8825
15.9503,15.9003,15.9003,0.0500,0.1000,0.0000,239.982,181.255,17.221,7.974,-6.8094,-3.6606,-0.2056,-1.4347,41.0548,8.9708,-6.2689,38.6679,6.0000,6.1365,-116.2690,-28.4207
16.0503,16.0003,16.0003,0.0500,0.1000,0.0000,241.155,179.635,17.671,8.191,-4.6323,-2.5532,-0.0652,-1.8884,40.8043,8.9653,-6.8040,38.3965,6.0000,6.2063,-116.0816,-28.0134
16.1503,16.1003,16.1003,0.0500,0.1000,0.0000,240.321,180.821,16.936,7.539,-2.6548,-1.5502,0.1170,-2.1454,40.6536,8.9788,-7.3378,38.1225,6.0000,6.4810,-115.9682,-26.8596
16.2503,16.2003,16.2003,0.0500,0.1000,0.0000,241.146,180.546,16.272,6.766,-1.6726,-1.0424,0.5868,-2.3260,40.5428,9.0297,-7.8699,37.8453,6.0000,6.8520,-115.9302,-25.7682
16.3503,16.3003,16.3003,0.0500,0.1000,0.0000,240.093,179.001,15.686,6.310,-3.0480,-1.7019,0.3701,-2.6368,40.3698,9.0654,-8.3999,37.5640,6.0000,7.0879,-115.9438,-25.1677
16.4503,16.4003,16.4003,0.0500,0.1000,0.0000,239.994,179.860,14.751,6.333,-4.2855,-2.2981,0.1143,-3.0707,40.1373,9.0757,-8.9273,37.2780,6.0000,7.1897,-116.0075,-24.8775
16.5503,16.5003,16.5003,0.0500,0.1000,0.0000,239.540,178.906,14.464,6.139,-5.4033,-2.8416,-0.1121,-3.6159,39.8508,9.0637,-9.4518,36.9867,6.0000,7.1697,-116.1254,-24.8457
16.6503,16.6003,16.6003,0.0500,0.1000,0.0000,238.488,179.512,14.410,6.441,-6.4141,-3.3403,-0.2895,-4.2617,39.5145,9.0343,-9.9729,36.6893,6.0000,7.0403,-116.3054,-25.0707
16.7503,16.7003,16.7003,0.0500,0.1000,0.0000,240.379,180.855,14.564,6.643,-7.3291,-3.8015,-0.3911,-4.9986,39.1323,8.9957,-10.4902,36.3852,6.0000,6.8147,-116.5598,-25.6021
16.8503,16.8003,16.8003,0.0500,0.1000,0.0000,239.657,180.074,15.380,7.384,-8.1528,-4.2294,-0.3090,-5.8123,38.7101,8.9746,-11.0030,36.0738,6.0000,6.5196,-116.9078,-26.6470
16.9503,16.9003,16.9003,0.0500,0.1000,0.0000,240.497,178.215,16.666,8.088,-7.0959,-3.6737,0.4053,-6.5108,38.3487,9.0127,-11.5110,35.7545,6.0000,6.3694,-117.4027,-27.7166
17.0503,17.0003,17.0003,0.0500,0.1000,0.0000,240.613,178.303,16.841,7.912,-4.9300,-2.5135,0.2747,-6.9946,38.1024,9.0374,-12.0136,35.4268,6.0000,6.4292,-118.0440,-27.6856
17.1503,17.1003,17.1003,0.0500,0.1000,0.0000,240.222,179.003,16.353,7.834,-3.0250,-1.4710,-0.2311,-7.3051,37.9507,9.0030,-12.5103,35.0902,6.0000,6.6375,-118.7745,-26.4102
17.2503,17.2003,17.2003,0.0500,0.1000,0.0000,240.331,178.654,16.563,7.395,-3.5718,-1.8171,-0.6631,-7.6672,37.7658,8.9404,-13.0004,34.7441,6.0000,6.7813,-119.5197,-25.2198
17.3503,17.3003,17.3003,0.0500,0.1000,0.0000,240.873,178.145,15.849,7.085,-4.6569,-2.4932,-0.1486,-8.1375,37.5134,8.9279,-13.4834,34.3882,6.0000,6.8327,-120.2953,-24.9005
17.4503,17.4003,17.4003,0.0500,0.1000,0.0000,241.943,177.347,15.564,7.193,-5.6244,-3.1251,0.3221,-8.7043,37.1979,8.9612,-13.9587,34.0221,6.0000,6.7992,-121.1339,-25.3428
17.5503,17.5003,17.5003,0.0500,0.1000,0.0000,240.180,177.517,16.281,7.269,-6.5145,-3.7381,0.5839,-9.3597,36.8211,9.0176,-14.4257,33.6454,6.0000,6.6796,-122.0672,-26.3714
17.6503,17.6003,17.6003,0.0500,0.1000,0.0000,241.683,176.687,17.379,7.807,-7.2310,-4.2697,0.1450,-10.0602,36.4092,9.0209,-14.8837,33.2577,6.0000,6.4872,-123.1426,-27.2520
17.7503,17.7003,17.7003,0.0500,0.1000,0.0000,239.583,177.336,17.024,8.241,-5.4693,-3.1138,-0.5442,-10.5980,36.1042,8.9702,-15.3320,32.8590,6.0000,6.4442,-124.4139,-26.9417
17.8503,17.8003,17.8003,0.0500,0.1000,0.0000,239.852,176.858,17.214,7.964,-3.6081,-1.8412,-0.0840,-10.9595,35.9192,8.9742,-15.7700,32.4490,6.0000,6.6176,-125.7906,-26.2176
17.9503,17.9003,17.9003,0.0500,0.1000,0.0000,238.352,177.113,16.958,7.417,-3.7469,-2.0455,0.7453,-11.3388,35.7104,9.0442,-16.1970,32.0275,6.0000,6.7964,-127.1503,-26.1330
18.0503,18.0003,18.0003,0.0500,0.1000,0.0000,238.518,177.834,16.074,6.985,-4.7045,-2.9078,0.3537,-11.8131,35.4159,9.0767,-16.6124,31.5945,6.0000,6.8453,-128.5132,-26.2355
18.1503,18.1003,18.1003,0.0500,0.1000,0.0000,239.925,177.417,16.161,7.319,-5.5149,-3.6947,-0.1692,-12.3678,35.0428,9.0573,-17.0153,31.1500,6.0000,6.7718,-129.9353,-26.3595
18.2503,18.2003,18.2003,0.0500,0.1000,0.0000,241.538,177.671,16.828,7.633,-6.2168,-4.4359,-0.6559,-12.9927,34.5954,8.9918,-17.4052,30.6940,6.0000,6.5882,-131.4670,-26.5156
18.3503,18.3003,18.3003,0.0500,0.1000,0.0000,240.316,179.710,17.231,8.006,-5.9407,-4.2962,-0.2239,-13.5772,34.1747,8.9695,-17.7814,30.2266,6.0000,6.4687,-133.1852,-26.8239
18.4503,18.4003,18.4003,0.0500,0.1000,0.0000,240.461,180.166,17.684,7.718,-4.2148,-2.7262,0.3209,-13.9913,33.9093,9.0029,-18.1431,29.7479,6.0000,6.5828,-135.0507,-26.6467
18.5503,18.5003,18.5003,0.0500,0.1000,0.0000,241.784,178.675,17.540,7.278,-3.8246,-2.4985,0.2466,-14.3773,33.6544,9.0261,-18.4897,29.2582,6.0000,6.7198,-136.8952,-26.2823
18.6503,18.6003,18.6003,0.0500,0.1000,0.0000,239.829,180.041,17.529,7.140,-4.5753,-3.5279,-0.1023,-14.8379,33.2968,9.0153,-18.8207,28.7578,6.0000,6.7318,-138.7201,-26.1287
18.7503,18.7003,18.7003,0.0500,0.1000,0.0000,239.581,180.034,17.184,7.013,-5.2270,-4.5102,-0.2683,-15.3632,32.8412,8.9900,-19.1353,28.2469,6.0000,6.6362,-140.5980,-26.2914
18.8503,18.8003,18.8003,0.0500,0.1000,0.0000,238.816,181.237,16.652,7.388,-5.6471,-5.2669,0.2184,-15.9050,32.3443,9.0080,-19.4329,27.7259,6.0000,6.5257,-142.6089,-26.9503
18.9503,18.9003,18.9003,0.0500,0.1000,0.0000,238.214,181.154,16.328,7.464,-4.1656,-3.4486,0.1055,-16.3197,32.0013,9.0071,-19.7130,27.1954,6.0000,6.5890,-144.7595,-26.6608
19.0503,19.0003,19.0003,0.0500,0.1000,0.0000,238.525,179.095,16.019,6.977,-4.0086,-3.5058,-0.4708,-16.7220,31.6468,8.9669,-19.9752,26.6557,6.0000,6.6378,-146.8883,-26.0608
19.1503,19.1003,19.1003,0.0500,0.1000,0.0000,237.690,179.370,16.802,7.379,-4.4349,-4.4935,0.3182,-17.1676,31.1918,8.9985,-20.2188,26.1074,6.0000,6.6267,-149.0167,-26.4135
19.2503,19.2003,19.2003,0.0500,0.1000,0.0000,239.653,179.643,17.415,7.767,-4.8177,-5.4967,0.2706,-17.6398,30.6583,9.0099,-20.4434,25.5511,6.0000,6.5395,-151.2196,-26.9074
19.3503,19.3003,19.3003,0.0500,0.1000,0.0000,239.579,179.433,16.901,7.682,-3.8847,-4.0326,-0.4295,-18.0257,30.2591,8.9801,-20.6486,24.9873,6.0000,6.5815,-153.5313,-26.4305
19.4503,19.4003,19.4003,0.0500,0.1000,0.0000,239.293,179.550,16.514,7.640,-3.5992,-3.8660,0.5135,-18.3871,29.8662,9.0251,-20.8342,24.4167,6.0000,6.6780,-155.8027,-26.4494
19.5504,19.5004,19.5004,0.0500,0.1000,0.0000,238.708,179.294,15.813,7.551,-3.9041,-5.0417,0.1014,-18.7783,29.3573,9.0317,-20.9997,23.8400,6.0000,6.6577,-158.0531,-26.6003
19.6504,19.6004,19.6004,0.0500,0.1000,0.0000,239.915,179.845,16.307,7.327,-4.0964,-6.0671,-0.5155,-19.1855,28.7544,8.9847,-21.1449,23.2579,6.0000,6.5362,-160.3633,-26.6732
19.7504,19.7004,19.7004,0.0500,0.1000,0.0000,239.499,178.436,16.942,7.229,-3.5296,-4.9149,-0.0044,-19.5352,28.2714,8.9896,-21.2697,22.6711,6.0000,6.5630,-162.7750,-26.6036
19.8504,19.8004,19.8004,0.0500,0.1000,0.0000,238.212,179.697,17.161,7.148,-3.1528,-4.3634,0.5493,-19.8506,27.8302,9.0379,-21.3739,22.0802,6.0000,6.6611,-165.1453,-26.6453
19.9504,19.9004,19.9004,0.0500,0.1000,0.0000,239.771,179.790,16.936,7.145,-3.2268,-5.4862,-0.1731,-20.1733,27.2762,9.0184,-21.4575,21.4861,6.0000,6.6367,-167.4781,-26.5622
